molecule_chembl_id,canonical_smiles,standard_value,bio_class
CHEMBL1627209,O=C(N[C@@H]1c2ccccc2C[C@@H]1O)[C@@H](Cc1ccccc1)C[S+]([O-])C[C@H](Cc1ccccc1)C(=O)N[C@@H]1c2ccccc2C[C@@H]1O,21.1,active
CHEMBL1627287,N=[S+]([O-])([C@H](Cc1ccccc1)C(=O)N[C@H]1c2ccccc2C[C@H]1O)[C@H](Cc1ccccc1)C(=O)N[C@H]1c2ccccc2C[C@H]1O,153.9,active
CHEMBL1627235,N=[S+]([O-])([C@H](Cc1ccccc1)C(=O)N[C@H]1c2ccccc2C[C@H]1O)[C@@H](Cc1ccccc1)C(=O)N[C@H]1c2ccccc2C[C@H]1O,37.3,active
CHEMBL1627210,N=[S+]([O-])(C[C@H](Cc1ccccc1)C(=O)N[C@@H]1c2ccccc2C[C@@H]1O)C[C@H](Cc1ccccc1)C(=O)N[C@@H]1c2ccccc2C[C@@H]1O,2.5,active
CHEMBL396813,O=C(N[C@H]1c2ccccc2C[C@H]1O)[C@H](Cc1ccccc1)C[S+]([O-])C[C@H](Cc1ccccc1)C(=O)N[C@H]1c2ccccc2C[C@H]1O,53.1,active
CHEMBL5483011,CC(C)(C)NC(=O)[C@@H]1CN(Cc2cccnc2)CCN1C[C@@H](O)C[C@@H](Cc1ccccc1)C(=O)N[C@H]1c2ccccc2C[C@H]1O.O,0.6,active
CHEMBL397402,Cc1cccc(C)c1CNC(=O)[C@@H]1CCCCN1C(=O)[C@@H](O)C[C@@H](Cc1ccccc1)C(=O)N[C@H]1c2ccccc2OC[C@H]1O,42.0,active
CHEMBL247614,Cc1cccc(C)c1CNC(=O)[C@@H]1CCCN1C(=O)[C@@H](O)C[C@@H](Cc1ccccc1)C(=O)N[C@H]1c2ccccc2OC[C@H]1O,14.0,active
CHEMBL247432,Cc1cccc(C)c1CNC(=O)[C@@H]1CCN1C(=O)[C@@H](O)C[C@@H](Cc1ccccc1)C(=O)N[C@H]1c2ccccc2OC[C@H]1O,90.0,active
CHEMBL298393,Cc1cccc(C)c1CNC(=O)[C@H]1N(C(=O)[C@@H](O)C[C@@H](Cc2ccccc2)C(=O)N[C@H]2c3ccccc3OC[C@H]2O)CSC1(C)C,0.03,active
CHEMBL397403,Cc1cccc(C)c1CNC(=O)[C@H]1N(C(=O)[C@@H](O)C[C@@H](Cc2ccccc2)C(=O)N[C@H]2c3ccccc3OC[C@H]2O)CCC1(C)C,0.14,active
CHEMBL247616,Cc1nsc(C)c1CNC(=O)[C@H]1N(C(=O)[C@@H](O)C[C@@H](Cc2ccccc2)C(=O)N[C@H]2c3ccccc3OC[C@H]2O)COC12CCCC2,0.1,active
CHEMBL395207,Cc1noc(C)c1CNC(=O)[C@H]1N(C(=O)[C@@H](O)C[C@@H](Cc2ccccc2)C(=O)N[C@H]2c3ccccc3OC[C@H]2O)COC12CCCC2,0.2,active
CHEMBL395214,O=C(N[C@H]1c2ccccc2OC[C@H]1O)[C@H](Cc1ccccc1)C[C@H](O)C(=O)N1COC2(CCCC2)[C@H]1C(=O)NCc1c(Cl)cccc1Cl,0.11,active
CHEMBL398053,Cc1cccc(C)c1CNC(=O)[C@H]1N(C(=O)[C@@H](O)C[C@@H](Cc2ccccc2)C(=O)N[C@H]2c3ccccc3OC[C@H]2O)COC12CCCC2,0.1,active
CHEMBL247615,Cc1cccc(C)c1CNC(=O)[C@H]1N(C(=O)[C@@H](O)C[C@@H](Cc2ccccc2)C(=O)N[C@H]2c3ccccc3OC[C@H]2O)COC1(C)C,0.17,active
CHEMBL315403,CC(C)(C)NC(=O)[C@@H]1C[C@@H]2CCCC[C@@H]2CN1C[C@@H](O)[C@H](Cc1ccccc1)NC(=O)O[C@H]1CO[C@H]2OCC[C@H]21,1.8,active
CHEMBL254349,CC(C)CN(C[C@@H](O)[C@H](Cc1ccccc1)NC(=O)O[C@@H]1C[C@@H]2CCO[C@@H]2C1)S(=O)(=O)c1ccc(CO)cc1,1.8,active
CHEMBL443626,Oc1cc(O)cc(Oc2c(O)cc(O)c3c2Oc2c(cc(O)c(-c4c(O)cc5c(c4O)Oc4c(Oc6cc(O)cc(O)c6)c(O)cc(O)c4O5)c2O)O3)c1,81500.0,inactive
CHEMBL450380,O=C(O)CCCC#CC#C/C=C/CC/C=C/C#C/C=C/Br,6000.0,intermediate
CHEMBL478974,COC(=O)CCCC#CC#C/C=C/CCCCCC/C=C/Br,10000.0,inactive
CHEMBL478973,O=C(O)CCCC#CC#C/C=C/CCCC/C=C/C#CBr,7000.0,intermediate
CHEMBL449762,O=C(O)CCCC#CC#C/C=C/CCCCCC/C=C/Br,12000.0,inactive
CHEMBL476874,O=C(O)CCCC#CC#C/C=C/CCCCC#C/C=C/Br,8000.0,intermediate
CHEMBL476873,O=C(O)CCCC#C/C=C/CCCC/C=C/C#C/C=C/Br,10000.0,inactive
CHEMBL474065,C/C(=C\CC[C@@H](C)[C@H]1CC(=O)[C@@]2(C)C3=C(C(=O)C[C@]12C)[C@@]1(C)CC[C@H](O)C(C)(C)[C@@H]1C[C@@H]3O)C(=O)O,20000.0,inactive
CHEMBL503829,Cc1ccccc1CNC(=O)[C@H]1N(C(=O)[C@@H](O)[C@H](Cc2ccccc2)NC(=O)[C@@H](COCc2ccccc2)NS(C)(=O)=O)CSC1(C)C,0.56,active
CHEMBL509400,CC(=O)N[C@H](CS(=O)(=O)c1ccc2ccccc2c1)C(=O)N[C@@H](Cc1ccccc1)[C@H](O)C(=O)N1CSC(C)(C)[C@H]1C(=O)NCc1ccccc1C,0.086,active
CHEMBL485911,Cc1ccccc1CNC(=O)[C@H]1N(C(=O)[C@@H](O)[C@H](Cc2ccccc2)NC(=O)[C@@H](CS(=O)(=O)c2ccc3ccccc3c2)NS(C)(=O)=O)CSC1(C)C,0.09,active
CHEMBL510136,CC(=O)N[C@H](CS(=O)(=O)c1cccc2ccccc12)C(=O)N[C@@H](Cc1ccccc1)[C@H](O)C(=O)N1CSC(C)(C)[C@H]1C(=O)NCc1ccccc1C,0.09,active
CHEMBL452953,Cc1ccccc1CNC(=O)[C@H]1N(C(=O)[C@@H](O)[C@H](Cc2ccccc2)NC(=O)[C@@H](CS(=O)(=O)c2cccc3ccccc23)NS(C)(=O)=O)CSC1(C)C,0.083,active
CHEMBL508278,CC(=O)N[C@H](CS(=O)(=O)c1ccc(F)cc1)C(=O)N[C@@H](Cc1ccccc1)[C@H](O)C(=O)N1CSC(C)(C)[C@H]1C(=O)NCc1ccccc1C,0.27,active
CHEMBL462726,CC(=O)N[C@H](CS(=O)(=O)c1ccc(Cl)cc1)C(=O)N[C@@H](Cc1ccccc1)[C@H](O)C(=O)N1CSC(C)(C)[C@H]1C(=O)NCc1ccccc1C,0.22,active
CHEMBL452873,Cc1ccccc1CNC(=O)[C@H]1N(C(=O)[C@@H](O)[C@H](Cc2ccccc2)NC(=O)[C@@H](CS(=O)(=O)c2ccc(Cl)cc2)NS(C)(=O)=O)CSC1(C)C,0.11,active
CHEMBL230484,COc1ccc(CSC[C@@H](NC(C)=O)C(=O)N[C@@H](Cc2ccccc2)[C@H](O)C(=O)N2CSC(C)(C)[C@H]2C(=O)NCc2ccccc2C)cc1,0.18,active
CHEMBL455816,COc1ccc(CSC[C@@H](NS(C)(=O)=O)C(=O)N[C@@H](Cc2ccccc2)[C@H](O)C(=O)N2CSC(C)(C)[C@H]2C(=O)NCc2ccccc2C)cc1,0.26,active
CHEMBL449836,CC(=O)N[C@H](COCc1ccccc1)C(=O)N[C@@H](Cc1ccccc1)[C@H](O)C(=O)N1CSC(C)(C)[C@H]1C(=O)NCc1ccccc1C,0.39,active
CHEMBL503571,COc1ccc(S(=O)(=O)N(CC(C)C)C[C@@H](O)[C@H](Cc2ccccc2)n2cc(COC(=O)N[C@H]3c4ccccc4C[C@H]3O)nn2)cc1,6.0,active
CHEMBL489014,CC1(C)CCC[C@](C)([C@H]2CC[C@]3(C)[C@@H]2[C@H](O)C[C@@H]2[C@@]4(C)CCC(=O)C(C)(C)[C@@H]4CC[C@]23C)O1,39400.0,inactive
CHEMBL518910,CC1(C)CCC[C@](C)([C@H]2CC[C@]3(C)[C@@H]2[C@H](O)C[C@@H]2[C@@]4(C)CCC(=O)C(C)(C)[C@@H]4C(=O)C[C@]23C)O1,42300.0,inactive
CHEMBL487707,CC1(C)CCC[C@](C)([C@H]2CC[C@]3(C)[C@@H]2C(=O)C[C@@H]2[C@@]4(C)CCC(=O)C(C)(C)[C@@H]4C(=O)C[C@]23C)O1,24200.0,inactive
CHEMBL487911,CC1(C)CCC[C@](C)([C@H]2CC[C@]3(C)[C@@H]2[C@H](O)C[C@@H]2[C@@]4(C)C=C(O)C(=O)C(C)(C)[C@@H]4CC[C@]23C)O1,28500.0,inactive
CHEMBL520898,CC1(C)CCC[C@](C)([C@H]2CC[C@]3(C)[C@@H]2[C@H](O)C[C@@H]2[C@@](C)(CC(=O)O)[C@H](C(C)(C)C(=O)O)CC[C@]23C)O1,11900.0,inactive
CHEMBL527420,CC1(C)CCC[C@](C)([C@H]2CC[C@]3(C)[C@@H]2C(=O)C[C@@H]2[C@@](C)(CC(=O)O)[C@H](C(C)(C)C(=O)O)CC[C@]23C)O1,22800.0,inactive
CHEMBL488536,CC1(C)CCC[C@](C)([C@H]2CC[C@]3(C)[C@@H]2[C@H](O)C[C@@H]2[C@@]4(C)C[C@](O)(C(=O)O)C(C)(C)[C@@H]4CC[C@]23C)O1,10000.0,inactive
CHEMBL488733,CC1(C)CCC[C@](C)([C@H]2CC[C@]3(C)[C@@H]2[C@H](O)C[C@@H]2[C@@]4(C)C[C@](O)(C(=O)O)C(C)(C)[C@@H]4C(=O)C[C@]23C)O1,29900.0,inactive
CHEMBL449466,CC1(C)CCC[C@](C)([C@H]2CC[C@]3(C)[C@@H]2[C@H](O)C[C@@H]2[C@@]4(C)CC[C@H](OC(=O)CC(C)(C)C(=O)O)C(C)(C)[C@@H]4CC[C@]23C)O1,2700.0,intermediate
CHEMBL510592,CC1(C)CCC[C@](C)([C@H]2CC[C@]3(C)[C@@H]2C(=O)C[C@@H]2[C@@]4(C)CC[C@H](OC(=O)CC(C)(C)C(=O)O)C(C)(C)[C@@H]4CC[C@]23C)O1,6500.0,intermediate
CHEMBL448055,CC1(C)CCC[C@](C)([C@H]2CC[C@]3(C)[C@@H]2[C@H](O)C[C@@H]2[C@@]4(C)CC[C@H](OC(=O)CC(C)(C)C(=O)O)C(C)(C)[C@@H]4[C@@H](O)C[C@]23C)O1,3900.0,intermediate
CHEMBL507579,CC1(C)CCC[C@](C)([C@H]2CC[C@]3(C)[C@@H]2[C@H](O)C[C@@H]2[C@@]4(C)CC[C@H](O)C(C)(C)[C@@H]4[C@@H](OC(=O)CC(C)(C)C(=O)O)C[C@]23C)O1,2700.0,intermediate
CHEMBL507189,CC1(C)CCC[C@](C)([C@H]2CC[C@]3(C)[C@@H]2[C@H](O)C[C@@H]2[C@@]4(C)CC[C@H](OC(=O)CC(C)(C)C(=O)O)C(C)(C)[C@@H]4[C@@H](OC(=O)CC(C)(C)C(=O)O)C[C@]23C)O1,5400.0,intermediate
CHEMBL449203,CC1(C)CCC[C@](C)([C@H]2CC[C@]3(C)[C@@H]2C(=O)C[C@@H]2[C@@]4(C)CC[C@H](OC(=O)CC(C)(C)C(=O)O)C(C)(C)[C@@H]4[C@@H](OC(=O)CC(C)(C)C(=O)O)C[C@]23C)O1,10900.0,inactive
CHEMBL296588,CC(C)CC(=O)N[C@H](C(=O)N[C@H](C(=O)N[C@@H](CC(C)C)[C@@H](O)CC(=O)N[C@@H](C)C(=O)N[C@@H](CC(C)C)[C@@H](O)CC(=O)O)C(C)C)C(C)C,1300.0,intermediate
CHEMBL451129,CC(C)(C)NC(=O)[C@@H]1C[C@@H]2CCCC[C@@H]2CN1C[C@@H](O)[C@H](Cc1ccccc1)NC(=O)[C@@H](NC(=O)c1ccc2ccccc2n1)[C@H]1CCOC1,0.05,active
CHEMBL18389,CC(C)(C)NC(=O)[C@@H]1C[C@@H]2CCCC[C@@H]2CN1C[C@@H](O)[C@H](Cc1ccccc1)NC(=O)O[C@H]1CCOC1,160.0,active
CHEMBL101560,O=C(N[C@@H](Cc1ccccc1)[C@@H](O)C[C@@H](Cc1ccccc1)C(=O)N[C@H]1c2ccccc2C[C@H]1O)OC1CCCC1,0.3,active
CHEMBL273317,CC(C)(C)NC(=O)[C@@H]1C[C@@H]2CCCC[C@@H]2CN1C[C@@H](O)[C@H](Cc1ccccc1)NC(=O)O[C@H]1CCS(=O)(=O)C1,76.0,active
CHEMBL113090,CC(C)(C)NC(=O)[C@@H]1C[C@@H]2CCCC[C@@H]2CN1C[C@@H](O)[C@H](Cc1ccccc1)NC(=O)O[C@H]1CC[C@H]2OCC[C@@H]12,17.0,active
CHEMBL469086,COc1ccc(S(=O)(=O)N(CC(C)C)C[C@@H](O)[C@H](Cc2ccccc2)NC(=O)O[C@H]2CO[C@H]3OCC[C@H]32)cc1,1.4,active
CHEMBL492254,COc1ccc(S(=O)(=O)N(CC(C)C)C[C@@H](O)[C@H](Cc2ccccc2)NC(=O)O[C@@H]2CCOCOC2)cc1,5.0,active
CHEMBL509137,COc1ccc(S(=O)(=O)N(CC(C)C)C[C@@H](O)[C@H](Cc2ccccc2)NC(=O)O[C@H]2CC[C@H]3OCO[C@@H]23)cc1,3.8,active
CHEMBL510370,COc1ccc(S(=O)(=O)N(C[C@@H]2CCC(=O)N2)C[C@@H](O)[C@H](Cc2ccccc2)NC(=O)O[C@H]2CC[C@H]3OCC[C@@H]23)cc1,28.0,active
CHEMBL515324,C=C1[C@@H](C)[C@H]2[C@H](Cc3ccccc3)NC(=O)[C@]23[C@H](OC(C)=O)/C=C/[C@@H](C)C[C@@H](C)C/C=C/[C@H]3[C@@H]1O,3000.0,intermediate
CHEMBL474684,C=C1[C@@H](C)[C@H]2[C@H](Cc3ccccc3)NC(=O)[C@]23[C@H](OC(C)=O)/C=C/[C@@H](C)C[C@@](O)(CO)C/C=C/[C@H]3[C@@H]1O,45000.0,inactive
CHEMBL474278,C=C1[C@@H](C)[C@H]2[C@H](Cc3cccc(O)c3)NC(=O)[C@]23[C@H](OC(C)=O)/C=C/[C@@H](C)C[C@@H](CO)C/C=C/[C@H]3[C@@H]1O,38000.0,inactive
CHEMBL514773,C=C1[C@@H](C)[C@H]2[C@H](Cc3ccc(O)cc3)NC(=O)[C@]23[C@H](OC(C)=O)/C=C/[C@@H](C)C[C@@H](CO)C/C=C/[C@H]3[C@@H]1O,35000.0,inactive
CHEMBL473053,C=C1[C@@H](C)[C@H]2[C@H](Cc3ccccc3)NC(=O)[C@]23[C@H](OC(C)=O)/C=C/[C@@H](C)C[C@@H](CO)C/C=C/[C@H]3[C@@H]1O,22000.0,inactive
CHEMBL109952,O=C(N[C@H]1c2ccccc2C[C@H]1O)[C@H](Cc1ccccc1)CC(O)C[C@@H](Cc1ccccc1)C(=O)N[C@H]1c2ccccc2C[C@H]1O,0.6,active
CHEMBL1627246,CC(C)(C)NC(=O)[C@H]1CN(Cc2cccnc2)CCN1C[S+](=N)([O-])C[C@H](Cc1ccccc1)C(=O)N[C@@H]1c2ccccc2C[C@@H]1O,100000.0,inactive
CHEMBL1627244,CC(C)(C)NC(=O)[C@H]1CN(Cc2cccnc2)CCN1C[S+]([O-])C[C@H](Cc1ccccc1)C(=O)N[C@@H]1c2ccccc2C[C@@H]1O,100000.0,inactive
CHEMBL498854,CCCC(=O)N[C@@H](CSCCOCCOCCSC[C@H](NC(=O)CCC)C(=O)N[C@@H](CC(C)C)C(=O)N[C@@H](Cc1ccccc1)C(N)=O)C(=O)N[C@@H](Cc1ccccc1)C(=O)O,87000.0,inactive
CHEMBL446001,CCCCC(=O)N[C@@H](CSCCOCCOCCSC[C@H](NC(=O)CCCC)C(=O)N[C@@H](CC(C)C)C(=O)N[C@@H](Cc1ccccc1)C(N)=O)C(=O)N[C@@H](Cc1ccccc1)C(=O)O,50000.0,inactive
CHEMBL510483,CCCCCC(=O)N[C@@H](CSCCOCCOCCSC[C@H](NC(=O)CCCCC)C(=O)N[C@@H](CC(C)C)C(=O)N[C@@H](Cc1ccccc1)C(N)=O)C(=O)N[C@@H](Cc1ccccc1)C(=O)O,14900.0,inactive
CHEMBL504512,CCCCCCC(=O)N[C@@H](CSCCOCCOCCSC[C@H](NC(=O)CCCCCC)C(=O)N[C@@H](CC(C)C)C(=O)N[C@@H](Cc1ccccc1)C(N)=O)C(=O)N[C@@H](Cc1ccccc1)C(=O)O,4000.0,intermediate
CHEMBL443471,CC(C)C[C@H](NC(=O)[C@H](CSCCOCCOCCSC[C@H](NC(=O)C1CCCCC1)C(=O)N[C@@H](Cc1ccccc1)C(=O)O)NC(=O)C1CCCCC1)C(=O)N[C@@H](Cc1ccccc1)C(N)=O,19500.0,inactive
CHEMBL507080,CC(C)C[C@H](NC(=O)[C@H](CSCCOCCOCCSC[C@H](NC(=O)CC1CCCCC1)C(=O)N[C@@H](Cc1ccccc1)C(=O)O)NC(=O)CC1CCCCC1)C(=O)N[C@@H](Cc1ccccc1)C(N)=O,9500.0,intermediate
CHEMBL449860,CC(C)C[C@H](NC(=O)[C@H](CSCCOCCOCCSC[C@H](NC(=O)CCC1CCCCC1)C(=O)N[C@@H](Cc1ccccc1)C(=O)O)NC(=O)CCC1CCCCC1)C(=O)N[C@@H](Cc1ccccc1)C(N)=O,2500.0,intermediate
CHEMBL466288,CC(C)C[C@H](NC(=O)[C@H](CSCCOCCOCCSC[C@H](NC(=O)Cc1ccccc1)C(=O)N[C@@H](Cc1ccccc1)C(=O)O)NC(=O)Cc1ccccc1)C(=O)N[C@@H](Cc1ccccc1)C(N)=O,2500.0,intermediate
CHEMBL500554,CC(C)C[C@H](NC(=O)[C@H](CSCCOCCOCCSC[C@H](NC(=O)CCc1ccccc1)C(=O)N[C@@H](Cc1ccccc1)C(=O)O)NC(=O)CCc1ccccc1)C(=O)N[C@@H](Cc1ccccc1)C(N)=O,6500.0,intermediate
CHEMBL478672,CC(C)C[C@H](NC(=O)[C@H](CSCCOCCOCCSC[C@H](NC(=O)COc1ccccc1)C(=O)N[C@@H](Cc1ccccc1)C(=O)O)NC(=O)COc1ccccc1)C(=O)N[C@@H](Cc1ccccc1)C(N)=O,2900.0,intermediate
CHEMBL507784,CCCCCCC(=O)N[C@@H](CSCCOCCOCCSC[C@H](NC(=O)CCCCCC)C(=O)N[C@H](C(=O)N[C@@H](Cc1ccccc1)C(N)=O)[C@H](C)CC)C(=O)N[C@@H](Cc1ccccc1)C(=O)O,1200.0,intermediate
CHEMBL508493,CC[C@@H](C)[C@H](NC(=O)[C@H](CSCCOCCOCCSC[C@H](NC(=O)CCCCC1CCCCC1)C(=O)N[C@@H](Cc1ccccc1)C(=O)O)NC(=O)CCCCC1CCCCC1)C(=O)N[C@@H](Cc1ccccc1)C(N)=O,64000.0,inactive
CHEMBL507233,C/C=C(\C)C(=O)O[C@H]1[C@H](OC(C)=O)[C@]2(CO)[C@H](O)C[C@]3(C)C(=CC[C@@H]4[C@@]5(C)CC[C@H](O[C@@H]6O[C@H](C(=O)O)[C@@H](O[C@@H]7O[C@H](CO)[C@@H](O)[C@H](O)[C@H]7O)[C@H](O)[C@H]6O[C@@H]6O[C@H](CO)[C@@H](O)[C@H](O)[C@H]6O)[C@](C)(CO)[C@@H]5CC[C@]43C)[C@@H]2CC1(C)C,35000.0,inactive
CHEMBL505939,C/C=C(/C)C(=O)O[C@H]1[C@H](OC(C)=O)[C@]2(CO)[C@H](O)C[C@]3(C)C(=CC[C@@H]4[C@@]5(C)CC[C@H](O[C@@H]6O[C@H](C(=O)O)[C@@H](O[C@@H]7O[C@H](CO)[C@@H](O)[C@H](O)[C@H]7O)[C@H](O)[C@H]6O[C@@H]6O[C@H](CO)[C@@H](O)[C@H](O)[C@H]6O)[C@](C)(CO)[C@@H]5CC[C@]43C)[C@@H]2CC1(C)C,50000.0,inactive
CHEMBL466684,O=C1N[C@@H](Cc2ccccc2)C([O-])[N+]2(CCCCC2)N1Cc1ccccc1,37200.0,inactive
CHEMBL466688,CC(C)(C)NC(=O)[C@@H]1CCC[N+]12C([O-])[C@H](Cc1ccccc1)NC(=O)N2Cc1ccccc1,44500.0,inactive
CHEMBL541232,O=C(N[C@@H](Cc1ccccc1)[C@@H](O)[C@H](O)[C@H](Cc1ccccc1)NC(=O)c1ccc(F)cc1Cl)c1ccc(F)cc1Cl,395.4,active
CHEMBL564804,COc1ccccc1C(=O)N[C@@H](CC(C)C)[C@@H](O)[C@H](O)[C@H](CC(C)C)NC(=O)c1ccccc1OC,1313.0,intermediate
CHEMBL573822,CC1(C)CC[C@]2(C(=O)O)CC[C@]3(C)C(=CC[C@@H]4[C@@](C)(CC(=O)O)[C@H](C(C)(C)C(=O)O)CC[C@]43C)[C@H]2C1,3900.0,intermediate
CHEMBL574282,CC(C)(C(=O)O)[C@@H]1CC[C@]2(C)[C@H](C(=O)C=C3[C@H]4C[C@@](C)(C(=O)O)CC[C@]4(C)CC[C@]32C)[C@@]1(C)CC(=O)O,5700.0,intermediate
CHEMBL575906,CC(C)[C@H](NC(=O)[C@]12CCC(C)(C)C[C@@H]1C1=CC[C@@H]3[C@@]4(C)CC[C@H](O)C(C)(C)[C@@H]4CC[C@@]3(C)[C@]1(C)CC2)C(=O)O,10600.0,inactive
CHEMBL573101,C=C(C)[C@@H]1CC[C@@]2(C)[C@@H]1[C@@H]1CC[C@@H]3[C@@](C)(CC(=O)O)[C@H](C(C)(C)C(=O)O)CC[C@@]3(C)[C@]1(C)C[C@@H]2O,10900.0,inactive
CHEMBL575468,CC(C)[C@H](NC(=O)[C@]12CCC(C)(C)C[C@@H]1C1=CC[C@@H]3[C@@]4(C)CCC(=O)C(C)(C)[C@@H]4CC[C@@]3(C)[C@]1(C)CC2)C(=O)O,14600.0,inactive
CHEMBL573333,C=C(C)[C@@H]1CC[C@]2(C(=O)O)CC[C@]3(C)[C@@H](CC[C@@H]4[C@@](C)(CC(=O)O)[C@H](C(C)(C)C(=O)O)CC[C@]43C)[C@H]12,15700.0,inactive
CHEMBL573823,CC1(C)C(=O)C(O)=C[C@]2(C)[C@H]3C(=O)C[C@@H]4[C@H]5C[C@@](C)(C(=O)O)CC[C@]5(C)CC[C@@]4(C)[C@]3(C)CC[C@@H]12,15800.0,inactive
CHEMBL575187,C[C@H]1[C@H](C)CC[C@]2(C(=O)O)CC[C@]3(C)C(=CC[C@@H]4[C@@](C)(CC(=O)O)[C@H](C(C)(C)C(=O)O)CC[C@]43C)[C@H]12,17600.0,inactive
CHEMBL574281,C=C(C)[C@@H]1CC[C@]2(C(=O)O)CC[C@]3(C)[C@@H](CC[C@@H]4[C@@]5(C)C=C(O)C(=O)C(C)(C)[C@@H]5CC[C@]43C)[C@H]12,18800.0,inactive
CHEMBL573351,CC1(C)CC[C@]2(C(=O)O)CC[C@]3(C)[C@H](CC[C@@H]4[C@@]5(C)C=C(O)C(=O)C(C)(C)[C@@H]5CC[C@]43C)[C@H]2C1,19200.0,inactive
CHEMBL575822,COC(=O)[C@@H](NC(=O)[C@]12CCC(C)(C)C[C@@H]1C1=CC[C@@H]3[C@@]4(C)CC[C@H](OC(C)=O)C(C)(C)[C@@H]4CC[C@@]3(C)[C@]1(C)CC2)C(C)C,21300.0,inactive
CHEMBL573350,CC1(C)C(=O)CC[C@]2(C)[C@H]3C(=O)C=C4[C@H]5C[C@@](C)(C(=O)O)CC[C@]5(C)CC[C@@]4(C)[C@]3(C)CC[C@@H]12,23600.0,inactive
CHEMBL576173,C=C(C)[C@@H]1CC[C@]2(C)CC[C@]3(C)[C@@H](CC[C@@H]4[C@@]5(C)C=C(O)C(=O)C(C)(C)[C@@H]5CC[C@]43C)[C@H]12,24600.0,inactive
CHEMBL575701,COC(=O)[C@@H](NC(=O)[C@]12CCC(C)(C)C[C@@H]1C1=CC[C@@H]3[C@@]4(C)CC[C@H](O)C(C)(C)[C@@H]4CC[C@@]3(C)[C@]1(C)CC2)C(C)C,24600.0,inactive
CHEMBL572885,C[C@@H]1[C@H]2[C@H]3CC[C@@H]4[C@@]5(C)C=C(O)C(=O)C(C)(C)[C@@H]5CC[C@@]4(C)[C@]3(C)CC[C@@]2(C(=O)O)CC[C@H]1C,25400.0,inactive
CHEMBL578646,C=C(C)[C@@H]1CC[C@]2(C)CC[C@]3(C)[C@@H](CC[C@@H]4[C@@](C)(CC(=O)O)[C@H](C(C)(C)C(=O)O)CC[C@]43C)[C@H]12,25400.0,inactive
CHEMBL574496,CC1(C)CC[C@]2(C(=O)O)CC[C@]3(C)C(=CC[C@@H]4[C@@]5(C)CCC(=O)C(C)(C)[C@@H]5CC[C@]43C)[C@H]2C1,27400.0,inactive
CHEMBL576367,CC1(C)CC[C@]2(C(=O)O)CC[C@]3(C)C(=CC[C@@H]4[C@@]5(C)CC(=O)C(C)(C)[C@@H]5CC[C@]43C)[C@H]2C1,28600.0,inactive
CHEMBL574497,CC1(C)CC[C@]2(CO)CC[C@]3(C)C(=CC[C@@H]4[C@@](C)(CC(=O)O)[C@H](C(C)(C)C(=O)O)CC[C@]43C)[C@H]2C1,30400.0,inactive
CHEMBL577582,C=C(C)[C@@H]1CC[C@]2(C=O)CC[C@]3(C)[C@@H](CC[C@@H]4[C@@]5(C)CCC(=O)C(C)(C)[C@@H]5CC[C@]43C)[C@H]12,31900.0,inactive
CHEMBL576006,COC(=O)[C@H](NC(=O)[C@]12CCC(C)(C)C[C@@H]1C1=CC[C@@H]3[C@@]4(C)CC[C@H](O)C(C)(C)[C@@H]4CC[C@@]3(C)[C@]1(C)CC2)C(C)C,32300.0,inactive
CHEMBL575879,COC(=O)[C@@H](NC(=O)[C@]12CCC(C)(C)C[C@@H]1C1=CC[C@@H]3[C@@]4(C)CCC(=O)C(C)(C)[C@@H]4CC[C@@]3(C)[C@]1(C)CC2)C(C)C,37000.0,inactive
CHEMBL487887,C[C@H]1[C@H](C)CC[C@]2(C(=O)O)CC[C@]3(C)C(=CC[C@@H]4[C@@]5(C)CCC(=O)C(C)(C)[C@@H]5CC[C@]43C)[C@H]12,37500.0,inactive
CHEMBL576008,CC(C)[C@H](NC(=O)[C@]12CCC(C)(C)C[C@@H]1[C@H]1CC[C@@H]3[C@@]4(C)C=C(O)C(=O)C(C)(C)[C@@H]4CC[C@@]3(C)[C@]1(C)CC2)C(=O)O,40500.0,inactive
CHEMBL575831,COC(=O)[C@H](NC(=O)[C@]12CCC(C)(C)C[C@@H]1C1=CC[C@@H]3[C@@]4(C)CCC(=O)C(C)(C)[C@@H]4CC[C@@]3(C)[C@]1(C)CC2)C(C)C,41400.0,inactive
CHEMBL575887,CC(C)[C@@H](NC(=O)[C@]12CCC(C)(C)C[C@@H]1C1=CC[C@@H]3[C@@]4(C)CCC(=O)C(C)(C)[C@@H]4CC[C@@]3(C)[C@]1(C)CC2)C(=O)O,45200.0,inactive
CHEMBL575035,CC(C)[C@@H](NC(=O)[C@]12CCC(C)(C)C[C@@H]1C1=CC[C@@H]3[C@@]4(C)CC[C@H](O)C(C)(C)[C@@H]4CC[C@@]3(C)[C@]1(C)CC2)C(=O)O,47300.0,inactive
CHEMBL576007,CC(C)[C@@H](NC(=O)[C@]12CCC(C)(C)C[C@@H]1[C@H]1CC[C@@H]3[C@@]4(C)C=C(O)C(=O)C(C)(C)[C@@H]4CC[C@@]3(C)[C@]1(C)CC2)C(=O)O,49700.0,inactive
CHEMBL575697,CC(C)[C@@H](NC(=O)[C@]12CCC(C)(C)C[C@@H]1C1=CC[C@@H]3[C@@](C)(CC(=O)O)[C@H](C(C)(C)C(=O)O)CC[C@@]3(C)[C@]1(C)CC2)C(=O)O,88100.0,inactive
CHEMBL572987,C[C@H](c1ccccc1)n1cc([C@H](Cc2ccccc2)n2cc([C@H](Cc3ccccc3)n3cc([C@@H](N)Cc4ccccc4)nn3)nn2)nn1,78000.0,inactive
CHEMBL583710,C[C@H](c1ccccc1)n1cc([C@H](Cc2ccccc2)n2cc([C@H](Cc3ccccc3)n3cc([C@H](Cc4ccccc4)n4cc([C@@H](N)Cc5ccccc5)nn4)nn3)nn2)nn1,29000.0,inactive
CHEMBL583922,CNC(=O)[C@H](Cc1ccccc1)n1cc([C@H](Cc2ccccc2)n2cc([C@H](Cc3ccccc3)n3cc([C@H](Cc4ccccc4)n4cc([C@@H](N)Cc5ccccc5)nn4)nn3)nn2)nn1,72000.0,inactive
CHEMBL583923,CC(C)[C@H](N)c1cn([C@@H](Cc2ccccc2)c2cn([C@@H](Cc3ccccc3)c3cn([C@H](c4cn([C@H](C)c5ccccc5)nn4)C(C)C)nn3)nn2)nn1,60000.0,inactive
CHEMBL583925,NCCNC(=O)[C@H](Cc1ccccc1)n1cc([C@H](Cc2ccccc2)n2cc([C@H](Cc3ccccc3)n3cc([C@H](Cc4ccccc4)n4cc([C@@H](N)Cc5ccccc5)nn4)nn3)nn2)nn1,25000.0,inactive
CHEMBL584,Cc1c(O)cccc1C(=O)N[C@@H](CSc1ccccc1)[C@H](O)CN1C[C@H]2CCCC[C@H]2C[C@H]1C(=O)NC(C)(C)C,1.9,active
CHEMBL597982,Cc1c(O)cccc1C(=O)N[C@@H](c1cccs1)[C@H](O)CN1C[C@H]2CCCC[C@H]2C[C@H]1C(=O)NC(C)(C)C,30000.0,inactive
CHEMBL578053,Cc1c(O)cccc1C(=O)N[C@@H](c1cc(-c2ccccc2)cs1)[C@H](O)CN1C[C@H]2CCCC[C@H]2C[C@H]1C(=O)NC(C)(C)C,4000.0,intermediate
CHEMBL606392,Cc1c(O)cccc1C(=O)N[C@@H](Cc1cccs1)[C@H](O)CN1C[C@H]2CCCC[C@H]2C[C@H]1C(=O)NC(C)(C)C,2.9,active
CHEMBL577638,Cc1c(O)cccc1C(=O)N[C@@H](Cc1cc(-c2ccccc2)cs1)[C@H](O)CN1C[C@H]2CCCC[C@H]2C[C@H]1C(=O)NC(C)(C)C,6.0,active
CHEMBL591933,Cc1c(O)cccc1C(=O)N[C@@H](Cc1cc2ccccc2s1)[C@H](O)CN1C[C@H]2CCCC[C@H]2C[C@H]1C(=O)NC(C)(C)C,15.0,active
CHEMBL114,CC(C)(C)NC(=O)[C@@H]1C[C@@H]2CCCC[C@@H]2CN1C[C@@H](O)[C@H](Cc1ccccc1)NC(=O)[C@H](CC(N)=O)NC(=O)c1ccc2ccccc2n1,0.4,active
CHEMBL577017,CC(C)(C)NC(=O)[C@@H]1C[C@@H]2CCCC[C@@H]2CN1C[C@@H](O)[C@@H](NC(=O)[C@H](CC(N)=O)NC(=O)c1ccc2ccccc2n1)c1cccs1,5000.0,intermediate
CHEMBL578874,CC(C)(C)NC(=O)[C@@H]1C[C@@H]2CCCC[C@@H]2CN1C[C@@H](O)[C@@H](NC(=O)[C@H](CC(N)=O)NC(=O)c1ccc2ccccc2n1)c1cc(-c2ccccc2)cs1,1500.0,intermediate
CHEMBL578278,CC(C)(C)NC(=O)[C@@H]1C[C@@H]2CCCC[C@@H]2CN1C[C@@H](O)[C@H](Cc1cccs1)NC(=O)[C@H](CC(N)=O)NC(=O)c1ccc2ccccc2n1,21.0,active
CHEMBL577443,CC(C)(C)NC(=O)[C@@H]1C[C@@H]2CCCC[C@@H]2CN1C[C@@H](O)[C@H](Cc1cc(-c2ccccc2)cs1)NC(=O)[C@H](CC(N)=O)NC(=O)c1ccc2ccccc2n1,1.2,active
CHEMBL591934,CC(C)(C)NC(=O)[C@@H]1C[C@@H]2CCCC[C@@H]2CN1C[C@@H](O)[C@H](Cc1cc2ccccc2s1)NC(=O)[C@H](CC(N)=O)NC(=O)c1ccc2ccccc2n1,0.6,active
CHEMBL116438,COc1cc(/C=C/C(=O)/C=C(O)/C=C/c2ccc(O)c(OC)c2)ccc1O,100000.0,inactive
CHEMBL484853,CC(C)c1cc2c(c(O)c1O)[C@@]1(C(=O)O)CCCC(C)(C)[C@@H]1CC2,240.0,active
CHEMBL168640,COC(=O)N[C@H](C(=O)NCCCC[C@@H](CO)N(CC(C)C)S(=O)(=O)c1ccc(N)cc1)C(c1ccccc1)c1ccccc1,0.5,active
CHEMBL1170703,COC(=O)N[C@H](C(=O)NCCCC[C@@H](CO)N(CCC(C)C)S(=O)(=O)c1ccc(N)cc1)C(c1ccccc1)c1ccccc1,0.03,active
CHEMBL1170705,COC(=O)N[C@H](C(=O)N[C@H](C)CCC[C@@H](CO)N(CCC(C)C)S(=O)(=O)c1ccc(N)cc1)C(c1ccccc1)c1ccccc1,0.4,active
CHEMBL1170706,CC[C@@H](CCC[C@@H](CO)N(CCC(C)C)S(=O)(=O)c1ccc(N)cc1)NC(=O)[C@@H](NC(=O)OC)C(c1ccccc1)c1ccccc1,0.016,active
CHEMBL1170707,CCC[C@@H](CCC[C@@H](CO)N(CCC(C)C)S(=O)(=O)c1ccc(N)cc1)NC(=O)[C@@H](NC(=O)OC)C(c1ccccc1)c1ccccc1,0.1,active
CHEMBL1170708,COC(=O)N[C@H](C(=O)N[C@@H](CCC[C@@H](CO)N(CCC(C)C)S(=O)(=O)c1ccc(N)cc1)C(C)C)C(c1ccccc1)c1ccccc1,0.1,active
CHEMBL1170709,COC(=O)N[C@H](C(=O)N[C@H](CO)CCC[C@@H](CO)N(CCC(C)C)S(=O)(=O)c1ccc(N)cc1)C(c1ccccc1)c1ccccc1,0.013,active
CHEMBL1761675,CC[C@H](C)[C@H](NC(=O)[C@@H](N)CO)C(=O)N[C@@H](C)C(=O)N[C@@H](CCC(=O)O)C(=O)NC12NC(=O)C3(O)C4C5CC(C6C5C3C61)C42,78.0,active
CHEMBL1761676,CC[C@H](C)[C@H](NC(=O)[C@@H](N)CO)C(=O)N[C@@H](C)C(=O)N[C@@H](CCC(=O)O)C(=O)Nc1cccc(O)c1,10000.0,inactive
CHEMBL1761678,CC[C@H](C)[C@H](N)C(=O)N[C@@H](C)C(=O)N[C@@H](CCC(=O)O)C(=O)NC12NC(=O)C3(O)C4C5CC(C6C5C3C61)C42,500.0,active
CHEMBL1761679,CC[C@H](C)[C@H](NC(=O)[C@@H](N)CO)C(=O)N[C@H](C(=O)N[C@@H](CCC(=O)O)C(=O)NC12NC(=O)C3(O)C4C5CC(C6C5C3C61)C42)C(C)C,2000.0,intermediate
CHEMBL1761680,CC[C@H](C)[C@H](NC(=O)[C@@H](N)CO)C(=O)N[C@@H](C)C(=O)N[C@@H](CCC(N)=O)C(=O)NC12NC(=O)C3(O)C4C5CC(C6C5C3C61)C42,5000.0,intermediate
CHEMBL1761681,CC[C@H](C)[C@H](NC(=O)[C@@H](N)CO)C(=O)N[C@@H](C)C(=O)N[C@]12NC(=O)[C@@]3(O)C4C5CC(C6C5C3C61)C42,500.0,active
CHEMBL1761682,CC[C@H](C)[C@H](NC(=O)[C@@H](N)CO)C(=O)N[C@@H](C)C(=O)N[C@@]12NC(=O)[C@]3(O)C4C5CC(C6C5C3C61)C42,10000.0,inactive
CHEMBL1163,COC(=O)N[C@H](C(=O)N[C@@H](Cc1ccccc1)[C@@H](O)CN(Cc1ccc(-c2ccccn2)cc1)NC(=O)[C@@H](NC(=O)OC)C(C)(C)C)C(C)(C)C,4.0,active
CHEMBL729,Cc1cccc(C)c1OCC(=O)N[C@@H](Cc1ccccc1)[C@@H](O)C[C@H](Cc1ccccc1)NC(=O)[C@H](C(C)C)N1CCCNC1=O,25.0,active
CHEMBL168,CC1(C)CC[C@]2(C(=O)O)CC[C@]3(C)C(=CC[C@@H]4[C@@]5(C)CC[C@H](O)C(C)(C)[C@@H]5CC[C@]43C)[C@@H]2C1,8000.0,intermediate
CHEMBL1783812,CC1(C)CC[C@]2(C(=O)NCCCCCC(=O)O)CC[C@]3(C)C(=CC[C@@H]4[C@@]5(C)CC[C@H](O)C(C)(C)[C@@H]5CC[C@]43C)[C@@H]2C1,1700.0,intermediate
CHEMBL1783813,CC1(C)CC[C@]2(C(=O)NCCCCCC(=O)O)CC[C@]3(C)C(=CC[C@@H]4[C@@]5(C)CC[C@H](OC(=O)CCCCC(=O)O)C(C)(C)[C@@H]5CC[C@]43C)[C@@H]2C1,1700.0,intermediate
CHEMBL169,C[C@H]1[C@H](C)CC[C@]2(C(=O)O)CC[C@]3(C)C(=CC[C@@H]4[C@@]5(C)CC[C@H](O)C(C)(C)[C@@H]5CC[C@]43C)[C@H]12,8000.0,intermediate
CHEMBL1783810,C[C@H]1[C@H](C)CC[C@]2(C(=O)O)CC[C@]3(C)C(=CC[C@@H]4[C@@]5(C)CC[C@H](O)C(C)(C)[C@@H]5CC[C@]43C)[C@H]12.O=C(O)CC(=O)O,6000.0,intermediate
CHEMBL1783814,C[C@H]1[C@H](C)CC[C@]2(C(=O)O)CC[C@]3(C)C(=CC[C@@H]4[C@@]5(C)CC[C@H](O)C(C)(C)[C@@H]5CC[C@]43C)[C@H]12.O=C(O)CCCC(=O)O,4000.0,intermediate
CHEMBL1783815,CC1(C)CC[C@]2(C(=O)O)CC[C@]3(C)C(=CC[C@@H]4[C@@]5(C)CC[C@H](O)C(C)(C)[C@@H]5CC[C@]43C)[C@@H]2C1.O=C(O)CCCC(=O)O,4000.0,intermediate
CHEMBL1783811,C=C(C)[C@@H]1CC[C@]2(C(=O)O)CC[C@]3(C)[C@H](CC[C@@H]4[C@@]5(C)CC[C@H](O)C(C)(C)[C@@H]5CC[C@]43C)[C@@H]12.O=C(O)CCCC(=O)O,4000.0,intermediate
CHEMBL2017307,COc1ccc(S(=O)(=O)N(CC(C)C)C[C@@H](O)COc2ccc3[nH]ccc3c2)cc1OC,1000.0,active
CHEMBL2017311,COc1ccc(S(=O)(=O)N(CC(C)C)C[C@@H](O)COc2ccc3sccc3c2)cc1OC,60.0,active
CHEMBL2035863,CC(C)[C@H](NC(=O)C[C@@H](NCc1ccccc1)C1O[C@@H]2OC(C)(C)O[C@@H]2[C@H]1OCc1ccccc1)C(=O)N[C@@H](C)C(=O)O,1090.0,intermediate
CHEMBL2035864,CC(C)[C@H](NC(=O)C[C@H](NCc1ccccc1)C1O[C@@H]2OC(C)(C)O[C@@H]2[C@H]1OCc1ccccc1)C(=O)N[C@@H](C)C(=O)O,1290.0,intermediate
CHEMBL2035865,CC(C)[C@H](NC(=O)C[C@@H](N)C1O[C@@H]2OC(C)(C)O[C@@H]2[C@H]1O)C(=O)N[C@@H](C)C(=O)O,950.0,active
CHEMBL2035866,CC(C)[C@H](NC(=O)C[C@H](N)C1O[C@@H]2OC(C)(C)O[C@@H]2[C@H]1O)C(=O)N[C@@H](C)C(=O)O,1010.0,intermediate
CHEMBL2035867,CC(C)[C@H](NC(=O)[C@H](C)NC(=O)C[C@@H](NCc1ccccc1)C1O[C@@H]2OC(C)(C)O[C@@H]2[C@H]1OCc1ccccc1)C(=O)O,1020.0,intermediate
CHEMBL2035868,CC(C)[C@H](NC(=O)[C@H](C)NC(=O)C[C@H](NCc1ccccc1)C1O[C@@H]2OC(C)(C)O[C@@H]2[C@H]1OCc1ccccc1)C(=O)O,760.0,active
CHEMBL2035871,CC(C)[C@H](NC(=O)[C@H](C)NC(=O)C[C@H](NCc1ccccc1)C1O[C@@H]2OC(C)(C)O[C@@H]2[C@H]1O)C(=O)O,710.0,active
CHEMBL2034991,CC(C)(C)OC(=O)N[C@@H](Cc1ccccc1)[C@@H](O)CC(C/C=C/c1ccccc1)C(=O)N[C@H](C(=O)NC[C@H]1OC(O)[C@H](O)[C@H]1O)C1CCCCC1,0.17,active
CHEMBL1323,CC(C)CN(C[C@@H](O)[C@H](Cc1ccccc1)NC(=O)O[C@H]1CO[C@H]2OCC[C@H]21)S(=O)(=O)c1ccc(N)cc1,3.8,active
CHEMBL2041753,CC(C)CN(C[C@@H](O)[C@H](Cc1ccccc1)NC(=O)O[C@H]1CO[C@H]2OC[C@H](O)[C@H]21)S(=O)(=O)c1ccc(N)cc1,2.9,active
CHEMBL2041754,CC(C)CN(C[C@@H](O)[C@H](Cc1ccccc1)NC(=O)O[C@H]1CO[C@H]2OC[C@H](OCc3ccccc3)[C@H]21)S(=O)(=O)c1ccc(N)cc1,3.5,active
CHEMBL2041756,COCCO[C@H]1CO[C@@H]2OC[C@H](OC(=O)N[C@@H](Cc3ccccc3)[C@H](O)CN(CC(C)C)S(=O)(=O)c3ccc(N)cc3)[C@@H]21,2.5,active
CHEMBL2041942,CNc1nc2ccc(S(=O)(=O)N(CC(C)C)C[C@@H](O)[C@H](Cc3ccccc3)NC(=O)O[C@H]3CO[C@H]4OC[C@H](OCCOC)[C@H]43)cc2o1,1.5,active
CHEMBL2046922,CC[C@H](C)[C@H](NC(=O)[C@@H](NC(C)=O)C(C)C)C(=O)N1CCC[C@H]1[C@H](O)[C@@H](O)[C@H](Cc1ccccc1)NC(=O)[C@H](CC(N)=O)NC(=O)[C@H](CC(C)C)NC(=O)[C@H](CO)NC(C)=O,0.6,active
CHEMBL2046975,CC(=O)N[C@@H](Cc1c[nH]c2ccccc12)C(=O)N[C@H](C(=O)N[C@@H](Cc1ccccc1)[C@H](O)[C@@H](O)[C@@H]1CCCCN1C(=O)[C@@H](NC(=O)[C@H](Cc1c[nH]c2ccccc12)NC(C)=O)C(C)C)C(C)C,1.8,active
CHEMBL2046976,CC(=O)N[C@@H](Cc1c[nH]c2ccccc12)C(=O)N[C@H](C(=O)N1CCC[C@H]1[C@H](O)[C@@H](O)[C@H](Cc1ccccc1)NC(=O)COc1c(C)cccc1C)C(C)C,75.0,active
CHEMBL2046977,O=C(COc1ccccc1)N[C@@H](Cc1ccccc1)[C@H](O)[C@@H](O)[C@@H]1CCCN1C(=O)COc1ccccc1,614.0,active
CHEMBL2046978,CC[C@H](NC(=O)COc1ccccc1C)[C@H](O)[C@@H](O)[C@@H]1CCCN1C(=O)COc1ccccc1C,655.0,active
CHEMBL2046979,Cc1cccc(C)c1OCC(=O)N[C@@H](Cc1ccccc1)[C@H](O)[C@@H](O)[C@@H]1CCCN1C(=O)COc1ccccc1,85.0,active
CHEMBL2046980,Cc1cccc(C)c1OCC(=O)N[C@@H](Cc1ccccc1)[C@H](O)[C@@H](O)[C@@H]1CCCN1C(=O)COc1c(C)cccc1C,9.6,active
CHEMBL2046981,Cc1cccc(C)c1OCC(=O)N[C@@H](Cc1ccccc1)[C@H](O)[C@@H](O)[C@@H]1CCCCN1C(=O)COc1c(C)cccc1C,175.0,active
CHEMBL2046449,Cc1cccc(C)c1OCC(=O)N[C@@H](Cc1ccccc1)[C@@H](O)[C@H](O)[C@H]1CCCN1C(=O)COc1c(C)cccc1C,3300.0,intermediate
CHEMBL2046984,CC(=O)N[C@@H](Cc1c[nH]c2ccccc12)C(=O)N[C@H](C(=O)N[C@@H](Cc1ccccc1)[C@H](O)[C@@H](O)[C@H](Cc1ccccc1)NC(=O)[C@@H](NC(=O)[C@H](Cc1c[nH]c2ccccc12)NC(C)=O)C(C)C)C(C)C,6.0,active
CHEMBL2046985,Cc1cccc(C)c1OCC(=O)N[C@@H](Cc1ccccc1)[C@H](O)[C@@H](O)[C@H](Cc1ccccc1)NC(=O)COc1c(C)cccc1C,28.0,active
CHEMBL1233644,CC(=O)N[C@@H](Cc1c[nH]c2ccccc12)C(=O)N[C@H](C(=O)N[C@@H](Cc1ccccc1)[C@H](O)[C@@H](O)[C@@H]1CCCN1C(=O)[C@@H](NC(=O)[C@H](Cc1c[nH]c2ccccc12)NC(C)=O)C(C)C)C(C)C,5.0,active
CHEMBL187266,Cc1coc2c1C(=O)C(=O)c1c-2ccc2c1CCCC2(C)C,59200.0,inactive
CHEMBL187460,C[C@H]1COC2=C1C(=O)C(=O)c1c2ccc2c1CCCC2(C)C,69600.0,inactive
CHEMBL363535,Cc1coc2c1C(=O)C(=O)c1c-2ccc2c(C)cccc12,45900.0,inactive
CHEMBL227075,Cc1cccc2c3c(ccc12)C1=C(C(=O)C3=O)[C@@H](C)CO1,50600.0,inactive
CHEMBL2180487,CC1(C)CC(=O)C2=C(C1)Nc1ccccc1N(C(=O)C(=O)N1c3ccccc3NC3=C(C(=O)CC(C)(C)C3)C1c1ccccc1)C2,100.0,active
CHEMBL2180488,CC1(C)CC(=O)C2=C(C1)Nc1ccccc1N(C(=O)C(=O)N1CC3=C(CC(C)(C)CC3=O)Nc3ccccc31)C2,200.0,active
CHEMBL2180490,CC1(C)CC(=O)C2=C(C1)Nc1ccccc1N(C(=O)C(=O)N1c3ccccc3NC3=C(C(=O)CC(C)(C)C3)C1c1ccccc1)C2c1ccccc1,30.0,active
CHEMBL2180491,CC1(C)CC(=O)C2=C(C1)Nc1ccccc1N(C(=O)C(F)(F)C(=O)N1c3ccccc3NC3=C(C(=O)CC(C)(C)C3)C1c1ccccc1)C2c1ccccc1,300.0,active
CHEMBL2177556,O=C1CC(c2ccccc2)CC2=C1C(c1ccccc1)N(C(=O)C(=O)N1c3ccccc3NC3=C(C(=O)CC(c4ccccc4)C3)C1c1ccccc1)c1ccccc1N2,60.0,active
CHEMBL2177557,O=C1CC(c2ccccc2)CC2=C1C(c1ccccc1)Nc1ccccc1N2,20000.0,inactive
CHEMBL2177558,COc1cc([C@@H]2Nc3ccccc3NC3=C2C(=O)C[C@@H](c2ccccc2)C3)cc(Cl)c1O,4300.0,intermediate
CHEMBL2234330,O=C1OC(COc2ccc3ccccc3c2)(c2ccccc2)CC(O)=C1SCc1ccccc1,73.0,active
CHEMBL2234329,CCOc1ccc(OCC)c(SC2=C(O)CC(COc3ccc4ccccc4c3)(c3ccccc3)OC2=O)c1,9.2,active
CHEMBL2234328,Cc1ccc(C)c(SC2=C(O)CC(COc3ccc4ccccc4c3)(c3ccccc3)OC2=O)c1,65.0,active
CHEMBL2234327,O=C1OC(COc2ccc3ccccc3c2)(c2ccccc2)CC(O)=C1Sc1ccccc1Cl,89.0,active
CHEMBL2234326,CCc1ccccc1SC1=C(O)CC(COc2ccc3ccccc3c2)(c2ccccc2)OC1=O,22.0,active
CHEMBL2234325,Cc1ccccc1SC1=C(O)CC(COc2ccc3ccccc3c2)(c2ccccc2)OC1=O,61.0,active
CHEMBL2234324,O=C1OC(COc2ccc3ccccc3c2)(c2ccccc2)CC(O)=C1Sc1ccccc1,126.0,active
CHEMBL2234323,O=C1OC(COc2cccc3ccccc23)(c2ccccc2)CC(O)=C1SCc1ccccc1,128.0,active
CHEMBL2234322,CCOc1ccc(OCC)c(SC2=C(O)CC(COc3cccc4ccccc34)(c3ccccc3)OC2=O)c1,3.5,active
CHEMBL2234321,Cc1ccc(C)c(SC2=C(O)CC(COc3cccc4ccccc34)(c3ccccc3)OC2=O)c1,126.0,active
CHEMBL2234384,O=C1OC(COc2cccc3ccccc23)(c2ccccc2)CC(O)=C1Sc1ccccc1Cl,59.0,active
CHEMBL2234383,CCc1ccccc1SC1=C(O)CC(COc2cccc3ccccc23)(c2ccccc2)OC1=O,100.0,active
CHEMBL2234382,Cc1ccccc1SC1=C(O)CC(COc2cccc3ccccc23)(c2ccccc2)OC1=O,64.0,active
CHEMBL2234381,O=C1OC(COc2cccc3ccccc23)(c2ccccc2)CC(O)=C1Sc1ccccc1,159.0,active
CHEMBL2234380,O=C1OC(CSc2ccccc2)(c2ccccc2)CC(O)=C1SCc1ccccc1,32.0,active
CHEMBL2234379,CCOc1ccc(OCC)c(SC2=C(O)CC(CSc3ccccc3)(c3ccccc3)OC2=O)c1,24.0,active
CHEMBL2234337,Cc1ccc(C)c(SC2=C(O)CC(CSc3ccccc3)(c3ccccc3)OC2=O)c1,196.0,active
CHEMBL2234336,O=C1OC(CSc2ccccc2)(c2ccccc2)CC(O)=C1Sc1ccccc1Cl,70.0,active
CHEMBL2234335,CCc1ccccc1SC1=C(O)CC(CSc2ccccc2)(c2ccccc2)OC1=O,238.0,active
CHEMBL2234334,Cc1ccccc1SC1=C(O)CC(CSc2ccccc2)(c2ccccc2)OC1=O,240.0,active
CHEMBL2234333,O=C1OC(CSc2ccccc2)(c2ccccc2)CC(O)=C1Sc1ccccc1,258.0,active
CHEMBL2234332,O=C(O)CCCCC1(CCc2ccccc2)CC(O)=C(SCCc2ccccc2)C(=O)O1,5.0,active
CHEMBL2234331,Cc1ccc(C(C)C)c(SC2=C(O)CC(CCc3ccccc3)(C(C)C)OC2=O)c1,1.1,active
CHEMBL2297025,O=C(CC1(O)C2C3CC4C5C3C1C5C(O)(CC(=O)N[C@@H](Cc1ccc(O)cc1)C(=O)O)C42)N[C@@H](Cc1ccc(O)cc1)C(=O)O,10000.0,inactive
CHEMBL2297024,O=C(CC1(O)C2C3CC4C5C3C1C5C(O)(CC(=O)N[C@@H](Cc1c[nH]c3ccccc13)C(=O)O)C42)N[C@@H](Cc1c[nH]c2ccccc12)C(=O)O,5000.0,intermediate
CHEMBL2297027,O=C(CC1(O)C2C3CC4C5C3C1C5C(O)(CC(=O)N[C@H](C(=O)O)c1ccccc1)C42)N[C@H](C(=O)O)c1ccccc1,5000.0,intermediate
CHEMBL2297028,CC(C)[C@H](NC(=O)CC1(O)C2C3CC4C5C3C1C5C(O)(CC(=O)N[C@H](C(=O)O)C(C)C)C42)C(=O)O,10000.0,inactive
CHEMBL2297030,CC(C)[C@H](NC12OC3(O)C4C5CC(C6C5C3C61)C42)C(=O)N[C@@H](C)C(=O)O,600.0,active
CHEMBL2297031,CC[C@H](C)[C@H](NC(=O)[C@H](C)NC(=O)[C@H](CCC(=O)O)NC12NC(=O)C3(O)C4C5CC(C6C5C3C61)C42)C(=O)N[C@@H](CO)C(=O)O,78.0,active
CHEMBL163,CC(C)c1nc(CN(C)C(=O)N[C@H](C(=O)N[C@@H](Cc2ccccc2)C[C@H](O)[C@H](Cc2ccccc2)NC(=O)OCc2cncs2)C(C)C)cs1,9850.0,intermediate
CHEMBL2349226,Cc1cn([C@H]2C[C@H](n3cc(CNCC(=O)N(Cc4ccccc4)Cc4cc5cc(Cl)ccc5oc4=O)nn3)[C@@H](CO)O2)c(=O)[nH]c1=O,29550.0,inactive
CHEMBL2349225,CCOc1cccc2cc(CN(Cc3ccccc3)C(=O)CNCc3cn([C@H]4C[C@H](n5cc(C)c(=O)[nH]c5=O)O[C@@H]4CO)nn3)c(=O)oc12,27290.0,inactive
CHEMBL2349224,COc1cccc2cc(CN(Cc3ccccc3)C(=O)CNCc3cn([C@H]4C[C@H](n5cc(C)c(=O)[nH]c5=O)O[C@@H]4CO)nn3)c(=O)oc12,22700.0,inactive
CHEMBL2349223,Cc1cn([C@H]2C[C@H](n3cc(CNCC(=O)N(Cc4ccccc4)Cc4cc5cc(Br)ccc5oc4=O)nn3)[C@@H](CO)O2)c(=O)[nH]c1=O,32040.0,inactive
CHEMBL2349222,Cc1cn([C@H]2C[C@H](n3cc(CNCC(=O)N(Cc4ccccc4)Cc4cc5ccccc5oc4=O)nn3)[C@@H](CO)O2)c(=O)[nH]c1=O,35060.0,inactive
CHEMBL2349088,Cc1cn([C@H]2C[C@H](n3cc(CNCc4cc5cc(Cl)ccc5oc4=O)nn3)[C@@H](CO)O2)c(=O)[nH]c1=O,24810.0,inactive
CHEMBL2349087,CCOc1cccc2cc(CNCc3cn([C@H]4C[C@H](n5cc(C)c(=O)[nH]c5=O)O[C@@H]4CO)nn3)c(=O)oc12,23350.0,inactive
CHEMBL2349086,COc1cccc2cc(CNCc3cn([C@H]4C[C@H](n5cc(C)c(=O)[nH]c5=O)O[C@@H]4CO)nn3)c(=O)oc12,21600.0,inactive
CHEMBL2349085,Cc1cn([C@H]2C[C@H](n3cc(CNCc4cc5cc(Br)ccc5oc4=O)nn3)[C@@H](CO)O2)c(=O)[nH]c1=O,28910.0,inactive
CHEMBL2349084,Cc1cn([C@H]2C[C@H](n3cc(CNCc4cc5ccccc5oc4=O)nn3)[C@@H](CO)O2)c(=O)[nH]c1=O,27060.0,inactive
CHEMBL3093182,CCCC[C@H](NC(=O)CNC(=O)[C@H](CCC(=O)O)NC(=O)[C@H](Cc1ccccc1)NC[C@H](Cc1ccccc1)NC(=O)[C@@H](NC(=O)[C@@H](N)CCCNC(=N)N)C(C)C)C(=O)O,30.7,active
CHEMBL3093183,CCCC[C@H](NC(=O)CNC(=O)[C@H](CCC(=O)O)NC(=O)[C@H](Cc1ccccc1)NC[C@H](CC(C)C)NC(=O)[C@@H](NC(=O)[C@@H](N)CCCNC(=N)N)C(C)C)C(=O)O,2.6,active
CHEMBL104538,Cc1cccc(C)c1OCC(=O)N[C@@H](Cc1ccccc1)[C@@H](O)C[C@H](CC(C)C)NC(=O)[C@H](C(C)C)N1CCCNC1=O,2.1,active
CHEMBL3114729,CC(C)c1nc(CN(C)C(=O)N[C@H](C(=O)N(CCCN(Cc2ccccc2)C(=O)OCc2cncs2)Cc2ccccc2)C(C)C)cs1,21000.0,inactive
CHEMBL3114726,CC(C)c1nc(CN(C)C(=O)N[C@H](C(=O)N[C@H](CCN(Cc2ccccc2)NC(=O)OCc2cncs2)Cc2ccccc2)C(C)C)cs1,30.0,active
CHEMBL3114725,CC(C)c1nc(CN(C)C(=O)N[C@H](C(=O)N[C@H](CCNNC(=O)OCc2cncs2)Cc2ccccc2)C(C)C)cs1,8800.0,intermediate
CHEMBL3114724,CC(C)c1nc(CN(C)C(=O)N[C@H](C(=O)N(CCCCN(Cc2ccccc2)C(=O)OCc2cncs2)Cc2ccccc2)C(C)C)cs1,22700.0,inactive
CHEMBL3114713,CC(C)c1nc(CN(C)C(=O)N[C@H](C(=O)N[C@H](CC[C@H](Cc2ccccc2)NC(=O)OCc2cncs2)Cc2ccccc2)C(C)C)cs1,5.0,active
CHEMBL3115186,CC(C)c1nc(CN(C)C(=O)N[C@@H](Cn2cccn2)C(=O)N[C@H](CC[C@H](Cc2ccccc2)NC(=O)OCc2cncs2)Cc2ccccc2)cs1,30.0,active
CHEMBL3115184,CC(C)c1nc(CN(C)C(=O)N[C@@H](Cc2c[nH]cn2)C(=O)N[C@H](CC[C@H](Cc2ccccc2)NC(=O)OCc2cncs2)Cc2ccccc2)cs1,3000.0,intermediate
CHEMBL3115183,CC(C)c1nc(CN(C)C(=O)N[C@@H](CCNS(C)(=O)=O)C(=O)N[C@H](CC[C@H](Cc2ccccc2)NC(=O)OCc2cncs2)Cc2ccccc2)cs1,8000.0,intermediate
CHEMBL3115182,CC(=O)NCC[C@H](NC(=O)N(C)Cc1csc(C(C)C)n1)C(=O)N[C@H](CC[C@H](Cc1ccccc1)NC(=O)OCc1cncs1)Cc1ccccc1,2000.0,intermediate
CHEMBL3115176,CC(C)c1nc(CN(C)C(=O)N[C@@H](CCO)C(=O)N[C@H](CC[C@H](Cc2ccccc2)NC(=O)OCc2cncs2)Cc2ccccc2)cs1,39.0,active
CHEMBL3115174,CC(C)c1nc(CN(C)C(=O)N[C@@H](CC(N)=O)C(=O)N[C@H](CC[C@H](Cc2ccccc2)NC(=O)OCc2cncs2)Cc2ccccc2)cs1,143.0,active
CHEMBL3115173,CC(C)c1nc(CN(C)C(=O)N[C@@H](CC(=O)O)C(=O)N[C@H](CC[C@H](Cc2ccccc2)NC(=O)OCc2cncs2)Cc2ccccc2)cs1,10.0,active
CHEMBL3115172,CC(C)c1nc(CN(C)C(=O)N[C@@H](COCc2ccccc2)C(=O)N[C@H](CC[C@H](Cc2ccccc2)NC(=O)OCc2cncs2)Cc2ccccc2)cs1,11800.0,inactive
CHEMBL3115170,O=C(N[C@H](CC[C@H](Cc1ccccc1)NC(=O)[C@H](CO)NC(=O)N(Cc1cncs1)C1CC1)Cc1ccccc1)OCc1cncs1,19300.0,inactive
CHEMBL3115169,CN(Cc1cncs1)C(=O)N[C@@H](CO)C(=O)N[C@H](CC[C@H](Cc1ccccc1)NC(=O)OCc1cncs1)Cc1ccccc1,4300.0,intermediate
CHEMBL3115168,CC(C)c1nc(CN(C(=O)N[C@@H](CO)C(=O)N[C@H](CC[C@H](Cc2ccccc2)NC(=O)OCc2cncs2)Cc2ccccc2)C2CC2)cs1,1410.0,intermediate
CHEMBL3115167,CC(C)c1nc(CN(C)C(=O)N[C@@H](CO)C(=O)N[C@H](CC[C@H](Cc2ccccc2)NC(=O)OCc2cncs2)Cc2ccccc2)cs1,50.0,active
CHEMBL3115165,CC(C)[C@H](NC(=O)N(C)Cc1cncs1)C(=O)N[C@H](CC[C@H](Cc1ccccc1)NC(=O)OCc1cncs1)Cc1ccccc1,386.0,active
CHEMBL3115164,CC(C)[C@H](NC(=O)N(Cc1cscn1)C1CC1)C(=O)N[C@H](CC[C@H](Cc1ccccc1)NC(=O)OCc1cncs1)Cc1ccccc1,3590.0,intermediate
CHEMBL3115163,CC(C)[C@H](NC(=O)N(C)Cc1cscn1)C(=O)N[C@H](CC[C@H](Cc1ccccc1)NC(=O)OCc1cncs1)Cc1ccccc1,242.0,active
CHEMBL3115162,Cc1nc(CN(C)C(=O)N[C@H](C(=O)N[C@H](CC[C@H](Cc2ccccc2)NC(=O)OCc2cncs2)Cc2ccccc2)C(C)C)cs1,35.0,active
CHEMBL3115161,CC(C)c1nc(CN(C(=O)N[C@H](C(=O)N[C@H](CC[C@H](Cc2ccccc2)NC(=O)OCc2cncs2)Cc2ccccc2)C(C)C)C2CC2)cs1,550.0,active
CHEMBL3126474,CC1(C)CC[C@]2(C(=O)OCc3ccccc3)CC[C@]3(C)C(=CC[C@@H]4[C@@]5(C)C[C@@H](OC(=O)c6ccccc6C(=O)O)[C@H](O)C(C)(C)[C@@H]5CC[C@]43C)[C@@H]2C1,800.0,active
CHEMBL3126453,CC1(C)CC[C@]2(C(=O)OCc3ccccc3)CC[C@]3(C)C(=CC[C@@H]4[C@@]5(C)C[C@@H](OC(=O)CCCC(=O)O)[C@H](OC(=O)CCCC(=O)O)C(C)(C)[C@@H]5CC[C@]43C)[C@@H]2C1,3900.0,intermediate
CHEMBL3126463,CC1(C)CC[C@]2(C(=O)OCc3ccccc3)CC[C@]3(C)C(=CC[C@@H]4[C@@]5(C)C[C@@H](OC(=O)CCC(=O)O)[C@H](OC(=O)CCC(=O)O)C(C)(C)[C@@H]5CC[C@]43C)[C@@H]2C1,5200.0,intermediate
CHEMBL3126462,CC1(C)CC[C@]2(C(=O)OCc3ccccc3)CC[C@]3(C)C(=CC[C@@H]4[C@@]5(C)C[C@@H](OC(=O)CCC(=O)O)[C@H](O)C(C)(C)[C@@H]5CC[C@]43C)[C@@H]2C1,15600.0,inactive
CHEMBL3126461,CC1(C)CC[C@]2(C(=O)OCc3ccccc3)CC[C@]3(C)C(=CC[C@@H]4[C@@]5(C)C[C@@H](OC(=O)c6ccccc6C(=O)O)[C@H](OC(=O)c6ccccc6C(=O)O)C(C)(C)[C@@H]5CC[C@]43C)[C@@H]2C1,1900.0,intermediate
CHEMBL3126460,CCCCCCCCCCCC(=O)O[C@@H]1C[C@]2(C)[C@H]3CC=C4[C@@H]5CC(C)(C)CC[C@]5(C(=O)OCc5ccccc5)CC[C@@]4(C)[C@]3(C)CC[C@H]2C(C)(C)[C@H]1OC(=O)CCCCCCCCCCC,73000.0,inactive
CHEMBL3126457,CC(C)(CC(=O)O)CC(=O)O[C@@H]1C[C@]2(C)[C@H]3CC=C4[C@@H]5CC(C)(C)CC[C@]5(C(=O)O)CC[C@@]4(C)[C@]3(C)CC[C@H]2C(C)(C)[C@H]1OC(=O)CC(C)(C)CC(=O)O,27500.0,inactive
CHEMBL3126456,CC(C)(CC(=O)O)CC(=O)O[C@@H]1C[C@]2(C)[C@H]3CC=C4[C@@H]5CC(C)(C)CC[C@]5(C(=O)O)CC[C@@]4(C)[C@]3(C)CC[C@H]2C(C)(C)[C@H]1O,14300.0,inactive
CHEMBL3126455,CC1(C)CC[C@]2(C(=O)O)CC[C@]3(C)C(=CC[C@@H]4[C@@]5(C)C[C@@H](OC(=O)CCCC(=O)O)[C@H](OC(=O)CCCC(=O)O)C(C)(C)[C@@H]5CC[C@]43C)[C@@H]2C1,1400.0,intermediate
CHEMBL3126454,CC1(C)CC[C@]2(C(=O)O)CC[C@]3(C)C(=CC[C@@H]4[C@@]5(C)C[C@@H](OC(=O)CCCC(=O)O)[C@H](O)C(C)(C)[C@@H]5CC[C@]43C)[C@@H]2C1,3200.0,intermediate
CHEMBL3126468,CC1(C)CC[C@]2(C(=O)O)CC[C@]3(C)C(=CC[C@@H]4[C@@]5(C)C[C@@H](OC(=O)CCC(=O)O)[C@H](OC(=O)CCC(=O)O)C(C)(C)[C@@H]5CC[C@]43C)[C@@H]2C1,1900.0,intermediate
CHEMBL3126467,CC1(C)CC[C@]2(C(=O)O)CC[C@]3(C)C(=CC[C@@H]4[C@@]5(C)C[C@@H](OC(=O)CCC(=O)O)[C@H](O)C(C)(C)[C@@H]5CC[C@]43C)[C@@H]2C1,3500.0,intermediate
CHEMBL3126466,CC1(C)CC[C@]2(C(=O)O)CC[C@]3(C)C(=CC[C@@H]4[C@@]5(C)C[C@@H](OC(=O)c6ccccc6C(=O)O)[C@H](OC(=O)c6ccccc6C(=O)O)C(C)(C)[C@@H]5CC[C@]43C)[C@@H]2C1,2300.0,intermediate
CHEMBL3126465,CC1(C)CC[C@]2(C(=O)O)CC[C@]3(C)C(=CC[C@@H]4[C@@]5(C)C[C@@H](OC(=O)c6ccccc6C(=O)O)[C@H](O)C(C)(C)[C@@H]5CC[C@]43C)[C@@H]2C1,14200.0,inactive
CHEMBL1797017,CCCC(=O)O[C@@H]1C[C@]2(C)[C@H]3CC=C4[C@@H]5CC(C)(C)CC[C@]5(C(=O)O)CC[C@@]4(C)[C@]3(C)CC[C@H]2C(C)(C)[C@H]1OC(=O)CCC,31200.0,inactive
CHEMBL318169,CC(C)(CC(=O)O)CC(=O)O[C@H]1CC[C@]2(C)[C@H]3CC=C4[C@@H]5CC(C)(C)CC[C@]5(C(=O)O)CC[C@@]4(C)[C@]3(C)CC[C@H]2C1(C)C,700.0,active
CHEMBL320364,CC1(C)CC[C@]2(C(=O)O)CC[C@]3(C)C(=CC[C@@H]4[C@@]5(C)CC[C@H](OC(=O)CCCC(=O)O)C(C)(C)[C@@H]5CC[C@]43C)[C@@H]2C1,560.0,active
CHEMBL502586,CC1(C)CC[C@]2(C(=O)O)CC[C@]3(C)C(=CC[C@@H]4[C@@]5(C)CC[C@H](OC(=O)c6ccccc6C(=O)O)C(C)(C)[C@@H]5CC[C@]43C)[C@@H]2C1,310.0,active
CHEMBL201515,CC1(C)CC[C@]2(C(=O)O)CC[C@]3(C)C(=CC[C@@H]4[C@@]5(C)C[C@@H](O)[C@H](O)C(C)(C)[C@@H]5CC[C@]43C)[C@@H]2C1,62700.0,inactive
CHEMBL3126478,CC1(C)CC[C@]2(C(=O)OCc3ccccc3)CC[C@]3(C)C(=CC[C@@H]4[C@@]5(C)CC[C@H](OC(=O)c6ccccc6C(=O)O)C(C)(C)[C@@H]5CC[C@]43C)[C@@H]2C1,400.0,active
CHEMBL486822,CC(=O)O[C@H]1CC[C@]2(C)[C@H]3CC=C4[C@@H]5CC(C)(C)CC[C@]5(C(=O)O)CC[C@@]4(C)[C@]3(C)CC[C@H]2C1(C)C,3400.0,intermediate
CHEMBL3263089,COc1ccc(S(=O)(=O)N(CC(C)C)C[C@@H](O)[C@H](Cc2ccccc2)NC(=O)O[C@H]2CO[C@H]3[C@@H]2OC[C@H]3O[N+](=O)[O-])cc1,0.11,active
CHEMBL3263090,COc1ccc(S(=O)(=O)N(CC(C)C)C[C@@H](O)[C@H](Cc2ccccc2)NC(=O)O[C@H]2CO[C@H]3[C@@H]2OC[C@H]3O)cc1,0.1,active
CHEMBL3263091,COc1ccc(S(=O)(=O)N(CC(C)C)C[C@@H](O)[C@H](Cc2ccccc2)NC(=O)O[C@H]2CO[C@H]3[C@@H]2OC[C@H]3OC)cc1,0.05,active
CHEMBL3263092,CC(C)CN(C[C@@H](O)[C@H](Cc1ccccc1)NC(=O)O[C@H]1CO[C@H]2[C@@H]1OC[C@H]2O[N+](=O)[O-])S(=O)(=O)c1ccc(N)cc1,0.12,active
CHEMBL3263093,CC(C)CN(C[C@@H](O)[C@H](Cc1ccccc1)NC(=O)O[C@H]1CO[C@H]2[C@@H]1OC[C@H]2O)S(=O)(=O)c1ccc(N)cc1,0.43,active
CHEMBL3263094,CO[C@@H]1CO[C@H]2[C@@H]1OC[C@@H]2OC(=O)N[C@@H](Cc1ccccc1)[C@H](O)CN(CC(C)C)S(=O)(=O)c1ccc(N)cc1,0.36,active
CHEMBL591503,O=C([C@@H]1O[C@@H]2O[C@H]1C(=O)N(Cc1ccccc1)[C@H]2Cc1ccccc1)N1CCN(CCO)CC1,5600.0,intermediate
CHEMBL602523,C#CCNC(=O)[C@@H]1O[C@@H]2O[C@H]1C(=O)N(Cc1ccccc1)[C@H]2Cc1ccccc1,700.0,active
CHEMBL590529,CCCCNC(=O)[C@@H]1O[C@@H]2O[C@H]1C(=O)N(Cc1ccccc1)[C@H]2Cc1ccccc1,7500.0,intermediate
CHEMBL600779,O=C(NC1CCCCC1)[C@@H]1O[C@@H]2O[C@H]1C(=O)N(Cc1ccccc1)[C@H]2Cc1ccccc1,1900.0,intermediate
CHEMBL591948,CC(C)C[C@@H](CO)NC(=O)[C@@H]1O[C@H]2CN(Cc3ccccc3)C(=O)[C@@H]1O2,2600.0,intermediate
CHEMBL592182,C[C@@H](CO)NC(=O)[C@@H]1O[C@H]2CN(Cc3ccccc3)C(=O)[C@@H]1O2,1500.0,intermediate
CHEMBL3331342,CC(C)[C@H](NC(=O)COc1ccccc1)C(=O)N[C@@H](Cc1ccccc1)[C@@H](O)[C@@H]1O[C@H]1Cc1ccccc1,670.0,active
CHEMBL3400725,Cc1cccc(C)c1N(CC(=O)N[C@@H](Cc1ccccc1)[C@H](O)CN(CC(C)C)S(=O)(=O)c1ccc(CO)cc1)CC(=O)N(C)C,290.0,active
CHEMBL3400724,Cc1cccc(C)c1N(CC(=O)N[C@@H](Cc1ccccc1)[C@H](O)CN(CC(C)C)S(=O)(=O)c1ccc(CO)cc1)CC(=O)N1CCOCC1,73.0,active
CHEMBL3400723,COc1ccc(N(CC(=O)N[C@@H](Cc2ccccc2)[C@H](O)CN(CC(C)C)S(=O)(=O)c2ccc(CO)cc2)CC(=O)N(C)C)cc1,370.0,active
CHEMBL3400722,COc1ccc(N(CC(=O)N[C@@H](Cc2ccccc2)[C@H](O)CN(CC(C)C)S(=O)(=O)c2ccc(CO)cc2)CC(=O)N2CCOCC2)cc1,890.0,active
CHEMBL3400721,Cc1c(O)cccc1N(CC(=O)N[C@@H](Cc1ccccc1)[C@H](O)CN(CC(C)C)S(=O)(=O)c1ccc(CO)cc1)CC(=O)N(C)C,150.0,active
CHEMBL3400720,Cc1c(O)cccc1N(CC(=O)N[C@@H](Cc1ccccc1)[C@H](O)CN(CC(C)C)S(=O)(=O)c1ccc(CO)cc1)CC(=O)N1CCOCC1,1210.0,intermediate
CHEMBL3400719,Cc1cccc(C)c1N(CC(=O)N[C@@H](Cc1ccccc1)[C@H](O)CN(CC(C)C)S(=O)(=O)c1ccc(N)cc1)CC(=O)N(C)C,1360.0,intermediate
CHEMBL3400718,Cc1cccc(C)c1N(CC(=O)N[C@@H](Cc1ccccc1)[C@H](O)CN(CC(C)C)S(=O)(=O)c1ccc(N)cc1)CC(=O)N1CCOCC1,64.0,active
CHEMBL3400717,COc1ccc(N(CC(=O)N[C@@H](Cc2ccccc2)[C@H](O)CN(CC(C)C)S(=O)(=O)c2ccc(N)cc2)CC(=O)N(C)C)cc1,140.0,active
CHEMBL3400716,COc1ccc(N(CC(=O)N[C@@H](Cc2ccccc2)[C@H](O)CN(CC(C)C)S(=O)(=O)c2ccc(N)cc2)CC(=O)N2CCOCC2)cc1,1360.0,intermediate
CHEMBL3400715,Cc1c(O)cccc1N(CC(=O)N[C@@H](Cc1ccccc1)[C@H](O)CN(CC(C)C)S(=O)(=O)c1ccc(N)cc1)CC(=O)N(C)C,590.0,active
CHEMBL3400714,Cc1c(O)cccc1N(CC(=O)N[C@@H](Cc1ccccc1)[C@H](O)CN(CC(C)C)S(=O)(=O)c1ccc(N)cc1)CC(=O)N1CCOCC1,2730.0,intermediate
CHEMBL3400713,Cc1cccc(C)c1N(CC(=O)N[C@@H](Cc1ccccc1)[C@H](O)CN(CC(C)C)S(=O)(=O)c1ccc([N+](=O)[O-])cc1)CC(=O)N(C)C,290.0,active
CHEMBL3400712,Cc1cccc(C)c1N(CC(=O)N[C@@H](Cc1ccccc1)[C@H](O)CN(CC(C)C)S(=O)(=O)c1ccc([N+](=O)[O-])cc1)CC(=O)N1CCOCC1,73.0,active
CHEMBL3400711,COc1ccc(N(CC(=O)N[C@@H](Cc2ccccc2)[C@H](O)CN(CC(C)C)S(=O)(=O)c2ccc([N+](=O)[O-])cc2)CC(=O)N(C)C)cc1,210.0,active
CHEMBL3400710,COc1ccc(N(CC(=O)N[C@@H](Cc2ccccc2)[C@H](O)CN(CC(C)C)S(=O)(=O)c2ccc([N+](=O)[O-])cc2)CC(=O)N2CCOCC2)cc1,1020.0,intermediate
CHEMBL3400709,Cc1c(O)cccc1N(CC(=O)N[C@@H](Cc1ccccc1)[C@H](O)CN(CC(C)C)S(=O)(=O)c1ccc([N+](=O)[O-])cc1)CC(=O)N(C)C,610.0,active
CHEMBL3400708,Cc1c(O)cccc1N(CC(=O)N[C@@H](Cc1ccccc1)[C@H](O)CN(CC(C)C)S(=O)(=O)c1ccc([N+](=O)[O-])cc1)CC(=O)N1CCOCC1,6670.0,intermediate
CHEMBL3400707,COc1ccc(S(=O)(=O)N(CC(C)C)C[C@@H](O)[C@H](Cc2ccccc2)NC(=O)CN(CC(=O)N(C)C)c2c(C)cccc2C)cc1,180.0,active
CHEMBL3400155,COc1ccc(S(=O)(=O)N(CC(C)C)C[C@@H](O)[C@H](Cc2ccccc2)NC(=O)CN(CC(=O)N2CCOCC2)c2c(C)cccc2C)cc1,15.0,active
CHEMBL3400706,COc1ccc(N(CC(=O)N[C@@H](Cc2ccccc2)[C@H](O)CN(CC(C)C)S(=O)(=O)c2ccc(OC)cc2)CC(=O)N(C)C)cc1,220.0,active
CHEMBL3400705,COc1ccc(N(CC(=O)N[C@@H](Cc2ccccc2)[C@H](O)CN(CC(C)C)S(=O)(=O)c2ccc(OC)cc2)CC(=O)N2CCOCC2)cc1,290.0,active
CHEMBL3400704,COc1ccc(S(=O)(=O)N(CC(C)C)C[C@@H](O)[C@H](Cc2ccccc2)NC(=O)CN(CC(=O)N(C)C)c2cccc(O)c2C)cc1,540.0,active
CHEMBL3400703,COc1ccc(S(=O)(=O)N(CC(C)C)C[C@@H](O)[C@H](Cc2ccccc2)NC(=O)CN(CC(=O)N2CCOCC2)c2cccc(O)c2C)cc1,1380.0,intermediate
CHEMBL3400727,COc1ccc(S(=O)(=O)N(CC(C)C)C[C@H](O)[C@H](Cc2ccccc2)NC(=O)CN(CC(=O)N(C)C)c2cccc(O)c2C)cc1,5780.0,intermediate
CHEMBL3400730,COc1ccc(S(=O)(=O)N(CC(C)C)C[C@H](O)[C@H](Cc2ccccc2)NC(=O)CN(CC(=O)N2CCOCC2)c2c(C)cccc2C)cc1,8650.0,intermediate
CHEMBL3400733,Cc1c(O)cccc1N(CC(=O)N[C@@H](Cc1ccccc1)[C@@H](O)CN(CC(C)C)S(=O)(=O)c1ccc([N+](=O)[O-])cc1)CC(=O)N(C)C,7410.0,intermediate
CHEMBL3400734,COc1ccc(N(CC(=O)N[C@@H](Cc2ccccc2)[C@@H](O)CN(CC(C)C)S(=O)(=O)c2ccc([N+](=O)[O-])cc2)CC(=O)N2CCOCC2)cc1,19210.0,inactive
CHEMBL3400736,Cc1cccc(C)c1N(CC(=O)N[C@@H](Cc1ccccc1)[C@@H](O)CN(CC(C)C)S(=O)(=O)c1ccc([N+](=O)[O-])cc1)CC(=O)N1CCOCC1,5870.0,intermediate
CHEMBL3400737,Cc1cccc(C)c1N(CC(=O)N[C@@H](Cc1ccccc1)[C@@H](O)CN(CC(C)C)S(=O)(=O)c1ccc([N+](=O)[O-])cc1)CC(=O)N(C)C,5880.0,intermediate
CHEMBL3400738,Cc1c(O)cccc1N(CC(=O)N[C@@H](Cc1ccccc1)[C@@H](O)CN(CC(C)C)S(=O)(=O)c1ccc(N)cc1)CC(=O)N1CCOCC1,16070.0,inactive
CHEMBL3400739,Cc1c(O)cccc1N(CC(=O)N[C@@H](Cc1ccccc1)[C@@H](O)CN(CC(C)C)S(=O)(=O)c1ccc(N)cc1)CC(=O)N(C)C,5920.0,intermediate
CHEMBL3400740,COc1ccc(N(CC(=O)N[C@@H](Cc2ccccc2)[C@@H](O)CN(CC(C)C)S(=O)(=O)c2ccc(N)cc2)CC(=O)N2CCOCC2)cc1,6810.0,intermediate
CHEMBL3400741,COc1ccc(N(CC(=O)N[C@@H](Cc2ccccc2)[C@@H](O)CN(CC(C)C)S(=O)(=O)c2ccc(N)cc2)CC(=O)N(C)C)cc1,6960.0,intermediate
CHEMBL3400742,Cc1cccc(C)c1N(CC(=O)N[C@@H](Cc1ccccc1)[C@@H](O)CN(CC(C)C)S(=O)(=O)c1ccc(N)cc1)CC(=O)N1CCOCC1,2590.0,intermediate
CHEMBL3400743,Cc1cccc(C)c1N(CC(=O)N[C@@H](Cc1ccccc1)[C@@H](O)CN(CC(C)C)S(=O)(=O)c1ccc(N)cc1)CC(=O)N(C)C,490.0,active
CHEMBL3400744,Cc1c(O)cccc1N(CC(=O)N[C@@H](Cc1ccccc1)[C@@H](O)CN(CC(C)C)S(=O)(=O)c1ccc(CO)cc1)CC(=O)N1CCOCC1,6120.0,intermediate
CHEMBL3402098,COc1ccc(N(CC(=O)N[C@@H](Cc2ccccc2)[C@@H](O)CN(CC(C)C)S(=O)(=O)c2ccc(CO)cc2)CC(=O)N(C)C)cc1,5340.0,intermediate
CHEMBL3402099,Cc1cccc(C)c1N(CC(=O)N[C@@H](Cc1ccccc1)[C@@H](O)CN(CC(C)C)S(=O)(=O)c1ccc(CO)cc1)CC(=O)N1CCOCC1,8940.0,intermediate
CHEMBL3402100,Cc1cccc(C)c1N(CC(=O)N[C@@H](Cc1ccccc1)[C@@H](O)CN(CC(C)C)S(=O)(=O)c1ccc(CO)cc1)CC(=O)N(C)C,17300.0,inactive
CHEMBL3577575,CC(C)CN(C[C@@H](O)[C@H](Cc1ccccc1)NC(=O)O[C@H]1CO[C@H]2OCC(F)(F)[C@H]21)S(=O)(=O)c1ccc(N)cc1,1000.0,active
CHEMBL3577576,COc1ccc(S(=O)(=O)N(CC(C)C)C[C@@H](O)[C@H](Cc2ccccc2)NC(=O)O[C@H]2CO[C@H]3OC[C@H](OC)[C@H]32)cc1,1000.0,active
CHEMBL3612421,COC(=O)[C@H](CC(C)C)NC(=O)[C@H](Cc1ccccc1)NC(=O)[C@H](CO)NC(=O)OCc1ccccc1,62000.0,inactive
CHEMBL3800626,CCc1ccc2c(c1)/C(=C1/SC(=N)NC1=O)C(=O)N2,48000.0,inactive
CHEMBL3797258,CCc1cccc2c1NC(=O)/C2=C1\SC(=N)NC1=O,40000.0,inactive
CHEMBL3797729,Cc1ccc(/N=C2/NC(=O)/C(=C3/C(=O)Nc4ccccc43)S2)c(C)c1,39000.0,inactive
CHEMBL3800610,O=C1N/C(=N/c2cccc(O)c2)S/C1=C1\C(=O)Nc2ccccc21,27000.0,inactive
CHEMBL3780574,O=C1N=C(Nc2ccc(O)cc2)S/C1=C1\C(=O)Nc2ccccc21,14000.0,inactive
CHEMBL3799941,COc1ccc(S(=O)(=O)N(CC(C)C)[C@@H](O)[C@H](Cc2ccccc2)n2cc(COC(=O)N[C@H]3Cc4ccccc4[C@H]3O)nn2)cc1,6.0,active
CHEMBL3799917,COc1ccc(S(=O)(=O)N(CC(C)C)C[C@@H](O)[C@H](Cc2ccccc2)N=[N+]=[N-])cc1,4200.0,intermediate
CHEMBL3797292,COc1ccc(S(=O)(=O)N(CC(C)C)[C@@H](O)[C@H](Cc2ccccc2)n2cc(CNC(=O)c3ccc(CNC(=O)OC(C)(C)C)cc3)nn2)cc1,13.0,active
CHEMBL3814142,CC(C)(C)NC(=O)[C@@H]1C[C@@H]2CCCC[C@@H]2CN1C[C@@H](O)[C@H](Cc1ccccc1)NC(=O)OC1CCCC1,160.0,active
CHEMBL3828743,N[C@H](C(=O)Nc1cncc(F)c1CC[C@@H]1CN[C@H](COC(=O)NCC(F)(F)F)CO1)[C@@H](c1ccc(Cl)cc1)c1cc(F)cc(F)c1,0.8,active
CHEMBL3828417,N[C@H](C(=O)Nc1cncc(F)c1CC[C@@H]1CN[C@H](COC(=O)NCC(F)(F)F)CO1)[C@@H](c1ccc(F)cc1)c1cc(F)cc(F)c1,2.4,active
CHEMBL3828552,N[C@H](C(=O)Nc1cncc(F)c1CC[C@@H]1CN[C@H](COC(=O)NCC(F)(F)F)CO1)[C@@H](c1ccc(F)cc1)c1cccc(F)c1,2.4,active
CHEMBL3827319,N[C@H](C(=O)Nc1cccc(F)c1CC[C@@H]1CN[C@H](COC(=O)NCC(F)(F)F)CO1)[C@@H](c1ccc(F)cc1)c1cc(F)cc(F)c1,8.2,active
CHEMBL3827958,N[C@H](C(=O)Nc1cccc(F)c1CC[C@@H]1CN[C@H](COC(=O)NCC(F)(F)F)CO1)[C@@H](c1ccc(F)cc1)c1cccc(F)c1,6.4,active
CHEMBL3827975,N[C@H](C(=O)Nc1cncc(F)c1CC[C@@H]1CN[C@H](COC(=O)NCC(F)(F)F)CO1)C(c1ccccc1)c1ccccc1,9.9,active
CHEMBL3828678,COC(=O)N[C@H](C(=O)Nc1cncc(F)c1CC[C@@H]1CN[C@H](COC(=O)NCC(F)(F)F)CO1)C(c1ccccc1)c1ccccc1,3.5,active
CHEMBL3827960,COC(=O)N[C@H](C(=O)Nc1cnccc1CC[C@@H]1CN[C@H](COC(=O)NCC(F)(F)F)CO1)C(c1ccccc1)c1ccccc1,14.0,active
CHEMBL3828166,N[C@H](C(=O)Nc1cccc(F)c1CC[C@@H]1CN[C@H](COC(=O)NCC(F)(F)F)CO1)C(c1ccccc1)c1ccccc1,3.1,active
CHEMBL3827450,COC(=O)N[C@H](C(=O)Nc1cccc(F)c1CC[C@@H]1CN[C@H](COC(=O)NCC(F)(F)F)CO1)C(c1ccccc1)c1ccccc1,12.0,active
CHEMBL3827407,COC(=O)N[C@H](C(=O)Nc1ccccc1CC[C@@H]1CN[C@H](COC(N)=O)CO1)C(c1ccccc1)c1ccccc1,20.0,active
CHEMBL3828494,COC(=O)N[C@H](C(=O)Nc1ccccc1CC[C@@H]1CN[C@H](COC(=O)NCC(F)(F)F)CO1)C(c1ccccc1)c1ccccc1,27.0,active
CHEMBL3827668,COC(=O)N[C@H](C(=O)Nc1ccccc1CC[C@@H]1CN[C@H](COC(=O)NC(C)C)CO1)C(c1ccccc1)c1ccccc1,37.0,active
CHEMBL3828275,COC(=O)N[C@H](C(=O)Nc1ccccc1CC[C@@H]1CN[C@H](COC(=O)N[C@H]2CCc3ccccc32)CO1)C(c1ccccc1)c1ccccc1,3.5,active
CHEMBL3827348,COC(=O)N[C@H](C(=O)Nc1ccccc1CC[C@@H]1CN[C@H](COC(=O)N[C@@H]2CCc3ccccc32)CO1)C(c1ccccc1)c1ccccc1,9.7,active
CHEMBL3828119,COC(=O)N[C@H](C(=O)Nc1ccccc1CC[C@@H]1CN[C@H](COC(=O)NCc2ccc(Cl)s2)CO1)C(c1ccccc1)c1ccccc1,2.4,active
CHEMBL3827524,COC(=O)N[C@H](C(=O)Nc1ccccc1CC[C@@H]1CN[C@H](COC(=O)NCc2cccc(Cl)n2)CO1)C(c1ccccc1)c1ccccc1,3.4,active
CHEMBL3828355,COC(=O)N[C@H](C(=O)Nc1ccccc1CC[C@@H]1CN[C@H](COC(=O)NCc2ccc(F)cc2)CO1)C(c1ccccc1)c1ccccc1,4.1,active
CHEMBL3827205,COC(=O)N[C@H](C(=O)Nc1ccccc1CC[C@@H]1CN[C@H](COC(=O)NCc2ccccc2F)CO1)C(c1ccccc1)c1ccccc1,3.6,active
CHEMBL3827353,COC(=O)N[C@H](C(=O)Nc1ccccc1CC[C@@H]1CN[C@H](COC(=O)NCc2ccccc2)CO1)C(c1ccccc1)c1ccccc1,6.1,active
CHEMBL4126326,COCCN(CC(=O)N[C@@H](Cc1ccccc1)[C@H](O)CN(CC(C)C)S(=O)(=O)c1ccc2c(c1)OCO2)[C@@H]1CCOC1,6.0,active
CHEMBL4129621,COCCN(CC(=O)N[C@@H](Cc1ccccc1)[C@H](O)CN(CC(C)C)S(=O)(=O)c1ccc(N)cc1)[C@@H]1CCOC1,22.8,active
CHEMBL4127669,COCCN(CC(=O)N[C@@H](Cc1ccccc1)[C@H](O)CN(CC(C)C)S(=O)(=O)c1ccc(OC)cc1)[C@@H]1CCOC1,6.85,active
CHEMBL4128733,CC(C)CN(C[C@@H](O)[C@H](Cc1ccccc1)NC(=O)CN[C@@H]1CCOC1)S(=O)(=O)c1ccc2c(c1)OCO2,53.4,active
CHEMBL4128826,CC(C)CN(C[C@@H](O)[C@H](Cc1ccccc1)NC(=O)CN[C@@H]1CCOC1)S(=O)(=O)c1ccc(N)cc1,141.0,active
CHEMBL4127148,COc1ccc(S(=O)(=O)N(CC(C)C)C[C@@H](O)[C@H](Cc2ccccc2)NC(=O)CN[C@@H]2CCOC2)cc1,16.0,active
CHEMBL4128389,CC(C)CN(C[C@@H](O)[C@H](Cc1ccccc1)NC(=O)CN([C@H]1CCOC1)S(C)(=O)=O)S(=O)(=O)c1ccc2c(c1)OCO2,22.9,active
CHEMBL4130138,CC(C)CN(C[C@@H](O)[C@H](Cc1ccccc1)NC(=O)CN(CC(=O)N(C)C)[C@H]1CCOC1)S(=O)(=O)c1ccc2c(c1)OCO2,56.9,active
CHEMBL4126853,CC(C)CN(C[C@@H](O)[C@H](Cc1ccccc1)NC(=O)CN([C@H]1CCOC1)S(C)(=O)=O)S(=O)(=O)c1ccc(CO)cc1,22.7,active
CHEMBL4128226,CC(C)CN(C[C@@H](O)[C@H](Cc1ccccc1)NC(=O)CN([C@H]1CCOC1)S(C)(=O)=O)S(=O)(=O)c1ccc(N)cc1,59.8,active
CHEMBL4130267,CC(C)CN(C[C@@H](O)[C@H](Cc1ccccc1)NC(=O)CN([C@H]1CCOC1)S(C)(=O)=O)S(=O)(=O)c1ccc([N+](=O)[O-])cc1,291.0,active
CHEMBL4128874,COc1ccc(S(=O)(=O)N(CC(C)C)C[C@@H](O)[C@H](Cc2ccccc2)NC(=O)CN([C@H]2CCOC2)S(C)(=O)=O)cc1,12.6,active
CHEMBL4129048,COCCN(CC(=O)N[C@@H](Cc1ccccc1)[C@H](O)CN(CC(C)C)S(=O)(=O)c1ccc2c(c1)OCO2)[C@H]1CCOC1,0.77,active
CHEMBL4126128,COCCN(CC(=O)N[C@@H](Cc1ccccc1)[C@H](O)CN(CC(C)C)S(=O)(=O)c1ccc(OC)c(OC)c1)[C@H]1CCOC1,190.0,active
CHEMBL4127371,COCCN(CC(=O)N[C@@H](Cc1ccccc1)[C@H](O)CN(CC(C)C)S(=O)(=O)c1ccc(OC(F)(F)F)cc1)[C@H]1CCOC1,68.0,active
CHEMBL4125989,COCCN(CC(=O)N[C@@H](Cc1ccccc1)[C@H](O)CN(CC(C)C)S(=O)(=O)c1ccc(CO)cc1)[C@H]1CCOC1,4.26,active
CHEMBL4126405,COCCN(CC(=O)N[C@@H](Cc1ccccc1)[C@H](O)CN(CC(C)C)S(=O)(=O)c1ccc(N)cc1)[C@H]1CCOC1,0.88,active
CHEMBL4129695,COCCN(CC(=O)N[C@@H](Cc1ccccc1)[C@H](O)CN(CC(C)C)S(=O)(=O)c1ccc([N+](=O)[O-])cc1)[C@H]1CCOC1,17.7,active
CHEMBL4129828,COCCN(CC(=O)N[C@@H](Cc1ccccc1)[C@H](O)CN(CC(C)C)S(=O)(=O)c1ccc(OC)cc1)[C@H]1CCOC1,0.35,active
CHEMBL4128467,CC(C)CN(C[C@@H](O)[C@H](Cc1ccccc1)NC(=O)CN(CC(=O)N1CCOCC1)[C@H]1CCOC1)S(=O)(=O)c1ccc2c(c1)OCO2,27.2,active
CHEMBL4127489,CC(C)CN(C[C@@H](O)[C@H](Cc1ccccc1)NC(=O)CN(CC(=O)N1CCOCC1)[C@H]1CCOC1)S(=O)(=O)c1ccc(OC(F)(F)F)cc1,910.0,active
CHEMBL4127630,CC(C)CN(C[C@@H](O)[C@H](Cc1ccccc1)NC(=O)CN(CC(=O)N1CCOCC1)[C@H]1CCOC1)S(=O)(=O)c1ccc(CO)cc1,110.0,active
CHEMBL4126255,CC(C)CN(C[C@@H](O)[C@H](Cc1ccccc1)NC(=O)CN(CC(=O)N1CCOCC1)[C@H]1CCOC1)S(=O)(=O)c1ccc(N)cc1,160.0,active
CHEMBL4126657,CC(C)CN(C[C@@H](O)[C@H](Cc1ccccc1)NC(=O)CN(CC(=O)N1CCOCC1)[C@H]1CCOC1)S(=O)(=O)c1ccc([N+](=O)[O-])cc1,98.1,active
CHEMBL4128036,COc1ccc(S(=O)(=O)N(CC(C)C)C[C@@H](O)[C@H](Cc2ccccc2)NC(=O)CN(CC(=O)N2CCOCC2)[C@H]2CCOC2)cc1,44.0,active
CHEMBL4129533,CC(C)CN(C[C@@H](O)[C@H](Cc1ccccc1)NC(=O)CN(CC(=O)N(C)C)[C@H]1CCOC1)S(=O)(=O)c1ccc(CO)cc1,65.0,active
CHEMBL4129389,CC(C)CN(C[C@@H](O)[C@H](Cc1ccccc1)NC(=O)CN(CC(=O)N(C)C)[C@H]1CCOC1)S(=O)(=O)c1ccc(N)cc1,38.0,active
CHEMBL4126081,CC(C)CN(C[C@@H](O)[C@H](Cc1ccccc1)NC(=O)CN(CC(=O)N(C)C)[C@H]1CCOC1)S(=O)(=O)c1ccc([N+](=O)[O-])cc1,270.0,active
CHEMBL4125689,COc1ccc(S(=O)(=O)N(CC(C)C)C[C@@H](O)[C@H](Cc2ccccc2)NC(=O)CN(CC(=O)N(C)C)[C@H]2CCOC2)cc1,28.6,active
CHEMBL4127065,COc1ccc(S(=O)(=O)N(CC(C)C)C[C@@H](O)[C@H](Cc2ccccc2)NC(=O)CN(CC(N)=O)[C@H]2CCOC2)cc1OC,9.9,active
CHEMBL4128302,CC(C)CN(C[C@@H](O)[C@H](Cc1ccccc1)NC(=O)CN(CC(N)=O)[C@H]1CCOC1)S(=O)(=O)c1ccc(OC(F)(F)F)cc1,530.0,active
CHEMBL4129908,CC(C)CN(C[C@@H](O)[C@H](Cc1ccccc1)NC(=O)CN(CC(N)=O)[C@H]1CCOC1)S(=O)(=O)c1ccc(CO)cc1,19.3,active
CHEMBL4128538,CC(C)CN(C[C@@H](O)[C@H](Cc1ccccc1)NC(=O)CN(CC(N)=O)[C@H]1CCOC1)S(=O)(=O)c1ccc(N)cc1,57.0,active
CHEMBL4125944,CC(C)CN(C[C@@H](O)[C@H](Cc1ccccc1)NC(=O)CN(CC(N)=O)[C@H]1CCOC1)S(=O)(=O)c1ccc([N+](=O)[O-])cc1,33.6,active
CHEMBL4129256,COc1ccc(S(=O)(=O)N(CC(C)C)C[C@@H](O)[C@H](Cc2ccccc2)NC(=O)CN(CC(N)=O)[C@H]2CCOC2)cc1,20.4,active
CHEMBL4127184,CC(C)CN(C[C@@H](O)[C@H](Cc1ccccc1)NC(=O)CN[C@H]1CCOC1)S(=O)(=O)c1ccc2c(c1)OCO2,1.65,active
CHEMBL4125805,COc1ccc(S(=O)(=O)N(CC(C)C)C[C@@H](O)[C@H](Cc2ccccc2)NC(=O)CN[C@H]2CCOC2)cc1OC,310.0,active
CHEMBL4128421,CC(C)CN(C[C@@H](O)[C@H](Cc1ccccc1)NC(=O)CN[C@H]1CCOC1)S(=O)(=O)c1ccc(OC(F)(F)F)cc1,290.0,active
CHEMBL4127040,CC(C)CN(C[C@@H](O)[C@H](Cc1ccccc1)NC(=O)CN[C@H]1CCOC1)S(=O)(=O)c1ccc(CO)cc1,10.2,active
CHEMBL4129649,CC(C)CN(C[C@@H](O)[C@H](Cc1ccccc1)NC(=O)CN[C@H]1CCOC1)S(=O)(=O)c1ccc(N)cc1,4.11,active
CHEMBL4128277,CC(C)CN(C[C@@H](O)[C@H](Cc1ccccc1)NC(=O)CN[C@H]1CCOC1)S(=O)(=O)c1ccc([N+](=O)[O-])cc1,46.3,active
CHEMBL4129203,COc1ccc(S(=O)(=O)N(CC(C)C)C[C@@H](O)[C@H](Cc2ccccc2)NC(=O)CN[C@H]2CCOC2)cc1,2.23,active
CHEMBL4177355,N[C@H](C(=O)Nc1cncc(F)c1CC[C@H]1CN[C@@H]2CCCS(=O)(=O)N1C2)[C@@H](c1ccc(Cl)cc1)c1cc(F)cc(F)c1,0.012,active
CHEMBL4589247,COc1ccc(S(=O)(=O)N(CC(C)C)C[C@@H](O)[C@H](Cc2ccccc2)NC(=O)Cn2ccc(N)nc2=O)cc1,9.04,active
CHEMBL4594190,CC(C)CN(C[C@@H](O)[C@H](Cc1ccccc1)NC(=O)Cn1ccc(N)nc1=O)S(=O)(=O)c1ccc([N+](=O)[O-])cc1,411.3,active
CHEMBL4454281,CC(C)CN(C[C@@H](O)[C@H](Cc1ccccc1)NC(=O)Cn1ccc(N)nc1=O)S(=O)(=O)c1ccc(N)cc1,153.2,active
CHEMBL4447647,COc1ccc(S(=O)(=O)N(CC(C)C)C[C@@H](O)[C@H](Cc2ccccc2)NC(=O)Cn2cc(C)c(N)nc2=O)cc1,147.0,active
CHEMBL4458174,Cc1cn(CC(=O)N[C@@H](Cc2ccccc2)[C@H](O)CN(CC(C)C)S(=O)(=O)c2ccc([N+](=O)[O-])cc2)c(=O)nc1N,1191.0,intermediate
CHEMBL4553997,Cc1cn(CC(=O)N[C@@H](Cc2ccccc2)[C@H](O)CN(CC(C)C)S(=O)(=O)c2ccc(N)cc2)c(=O)nc1N,375.4,active
CHEMBL4547464,COc1ccc(S(=O)(=O)N(CC(C)C)C[C@@H](O)[C@H](Cc2ccccc2)NC(=O)Cn2cc(F)c(N)nc2=O)cc1,36.03,active
CHEMBL4475878,CC(C)CN(C[C@@H](O)[C@H](Cc1ccccc1)NC(=O)Cn1cc(F)c(N)nc1=O)S(=O)(=O)c1ccc([N+](=O)[O-])cc1,482.1,active
CHEMBL4438699,CC(C)CN(C[C@@H](O)[C@H](Cc1ccccc1)NC(=O)Cn1cc(F)c(N)nc1=O)S(=O)(=O)c1ccc(N)cc1,104.8,active
CHEMBL4444467,COc1ccc(S(=O)(=O)N(CC(C)C)C[C@@H](O)[C@H](Cc2ccccc2)NC(=O)Cn2cccnc2=O)cc1,10.35,active
CHEMBL4568736,CC(C)CN(C[C@@H](O)[C@H](Cc1ccccc1)NC(=O)Cn1cccnc1=O)S(=O)(=O)c1ccc([N+](=O)[O-])cc1,245.0,active
CHEMBL4461829,CC(C)CN(C[C@@H](O)[C@H](Cc1ccccc1)NC(=O)Cn1cccnc1=O)S(=O)(=O)c1ccc(N)cc1,126.1,active
CHEMBL4452255,COc1ccc(S(=O)(=O)N(CC(C)C)C[C@@H](O)[C@H](Cc2ccccc2)NC(=O)Cn2ccc(=O)[nH]c2=O)cc1,2.53,active
CHEMBL4561882,CC(C)CN(C[C@@H](O)[C@H](Cc1ccccc1)NC(=O)Cn1ccc(=O)[nH]c1=O)S(=O)(=O)c1ccc([N+](=O)[O-])cc1,20.06,active
CHEMBL4574190,CC(C)CN(C[C@@H](O)[C@H](Cc1ccccc1)NC(=O)Cn1ccc(=O)[nH]c1=O)S(=O)(=O)c1ccc(N)cc1,20.07,active
CHEMBL4533358,COc1ccc(S(=O)(=O)N(CC(C)C)C[C@@H](O)[C@H](Cc2ccccc2)NC(=O)Cn2cc(C)c(=O)[nH]c2=O)cc1,2.78,active
CHEMBL4555515,Cc1cn(CC(=O)N[C@@H](Cc2ccccc2)[C@H](O)CN(CC(C)C)S(=O)(=O)c2ccc([N+](=O)[O-])cc2)c(=O)[nH]c1=O,44.31,active
CHEMBL4473514,Cc1cn(CC(=O)N[C@@H](Cc2ccccc2)[C@H](O)CN(CC(C)C)S(=O)(=O)c2ccc(N)cc2)c(=O)[nH]c1=O,19.65,active
CHEMBL4469072,COc1ccc(S(=O)(=O)N(CC(C)C)C[C@@H](O)[C@H](Cc2ccccc2)NC(=O)Cn2cc(F)c(=O)[nH]c2=O)cc1,1.95,active
CHEMBL4524388,CC(C)CN(C[C@@H](O)[C@H](Cc1ccccc1)NC(=O)Cn1cc(F)c(=O)[nH]c1=O)S(=O)(=O)c1ccc([N+](=O)[O-])cc1,27.64,active
CHEMBL4439216,CC(C)CN(C[C@@H](O)[C@H](Cc1ccccc1)NC(=O)Cn1cc(F)c(=O)[nH]c1=O)S(=O)(=O)c1ccc(N)cc1,16.28,active
CHEMBL4546808,COc1ccc(S(=O)(=O)N(CC(C)C)C[C@@H](O)[C@H](Cc2ccccc2)NC(=O)Cn2cc(CO)c(=O)[nH]c2=O)cc1,9.07,active
CHEMBL4582801,CC(C)CN(C[C@@H](O)[C@H](Cc1ccccc1)NC(=O)Cn1cc(CO)c(=O)[nH]c1=O)S(=O)(=O)c1ccc([N+](=O)[O-])cc1,405.3,active
CHEMBL4567131,CC(C)CN(C[C@@H](O)[C@H](Cc1ccccc1)NC(=O)Cn1cc(CO)c(=O)[nH]c1=O)S(=O)(=O)c1ccc(N)cc1,240.6,active
CHEMBL4520771,CC(=O)O[C@H]1CC[C@]2(C)[C@H]3CC=C4[C@@H]5CC(C)(C)CC[C@]5(C(=O)NCCCC(=O)O)CC[C@@]4(C)[C@]3(C)CC[C@H]2C1(C)C,32600.0,inactive
CHEMBL4461755,CC1(C)CC[C@]2(C(=O)NCCCC(=O)O)CC[C@]3(C)C(=CC[C@@H]4[C@@]5(C)CC[C@H](OC(=O)c6ccccc6C(=O)O)C(C)(C)[C@@H]5CC[C@]43C)[C@@H]2C1,2200.0,intermediate
CHEMBL4452290,CC1(C)CC[C@]2(C(=O)NCCCC(=O)O)CC[C@]3(C)C(=CC[C@@H]4[C@@]5(C)CC[C@H](OC(=O)CCC(=O)O)C(C)(C)[C@@H]5CC[C@]43C)[C@@H]2C1,17700.0,inactive
CHEMBL4467735,CC1(C)CC[C@]2(C(=O)NCCCC(=O)O)CC[C@]3(C)C(=CC[C@@H]4[C@@]5(C)CC[C@H](OC(=O)CCCC(=O)O)C(C)(C)[C@@H]5CC[C@]43C)[C@@H]2C1,20400.0,inactive
CHEMBL4516844,CC(C)(CC(=O)O)CC(=O)O[C@H]1CC[C@]2(C)[C@H]3CC=C4[C@@H]5CC(C)(C)CC[C@]5(C(=O)NCCCC(=O)O)CC[C@@]4(C)[C@]3(C)CC[C@H]2C1(C)C,33300.0,inactive
CHEMBL4554132,CC1(C)CC[C@]2(C(=O)NCCCCCC(=O)O)CC[C@]3(C)C(=CC[C@@H]4[C@@]5(C)CC[C@H](OC(=O)c6ccccc6C(=O)O)C(C)(C)[C@@H]5CC[C@]43C)[C@@H]2C1,790.0,active
CHEMBL4576277,CC1(C)CC[C@]2(C(=O)NCCCCCC(=O)O)CC[C@]3(C)C(=CC[C@@H]4[C@@]5(C)CC[C@H](OC(=O)CCC(=O)O)C(C)(C)[C@@H]5CC[C@]43C)[C@@H]2C1,3500.0,intermediate
CHEMBL4547137,CC1(C)CC[C@]2(C(=O)NCCCCCC(=O)O)CC[C@]3(C)C(=CC[C@@H]4[C@@]5(C)CC[C@H](OC(=O)CCCC(=O)O)C(C)(C)[C@@H]5CC[C@]43C)[C@@H]2C1,1000.0,active
CHEMBL4521631,CC(C)(CC(=O)O)CC(=O)O[C@H]1CC[C@]2(C)[C@H]3CC=C4[C@@H]5CC(C)(C)CC[C@]5(C(=O)NCCCCCC(=O)O)CC[C@@]4(C)[C@]3(C)CC[C@H]2C1(C)C,12400.0,inactive
CHEMBL4437692,CC1(C)CC[C@]2(C(=O)NCCCCCCCCCCC(=O)O)CC[C@]3(C)C(=CC[C@@H]4[C@@]5(C)CC[C@H](OC(=O)c6ccccc6C(=O)O)C(C)(C)[C@@H]5CC[C@]43C)[C@@H]2C1,880.0,active
CHEMBL4589326,CC1(C)CC[C@]2(C(=O)NCCCC(=O)NCC(=O)O)CC[C@]3(C)C(=CC[C@@H]4[C@@]5(C)CC[C@H](OC(=O)c6ccccc6C(=O)O)C(C)(C)[C@@H]5CC[C@]43C)[C@@H]2C1,2200.0,intermediate
CHEMBL4530451,CC1(C)CC[C@]2(C(=O)NCCCCCC(=O)NCC(=O)O)CC[C@]3(C)C(=CC[C@@H]4[C@@]5(C)CC[C@H](OC(=O)c6ccccc6C(=O)O)C(C)(C)[C@@H]5CC[C@]43C)[C@@H]2C1,3100.0,intermediate
CHEMBL4443019,CC(C)(CC(=O)O)CC(=O)O[C@H]1CC[C@]2(C)[C@H]3CC=C4[C@@H]5CC(C)(C)CC[C@]5(C(=O)NCCCCCC(=O)NCC(=O)O)CC[C@@]4(C)[C@]3(C)CC[C@H]2C1(C)C,38800.0,inactive
CHEMBL4542116,CC1(C)CC[C@]2(C(=O)NCCCCCCCCCCC(=O)NCC(=O)O)CC[C@]3(C)C(=CC[C@@H]4[C@@]5(C)CC[C@H](OC(=O)c6ccccc6C(=O)O)C(C)(C)[C@@H]5CC[C@]43C)[C@@H]2C1,2300.0,intermediate
CHEMBL4465606,C[C@H](NC(=O)CCCNC(=O)[C@]12CCC(C)(C)C[C@H]1C1=CC[C@@H]3[C@@]4(C)CC[C@H](OC(=O)c5ccccc5)C(C)(C)[C@@H]4CC[C@@]3(C)[C@]1(C)CC2)C(=O)O,47100.0,inactive
CHEMBL4436109,C[C@H](NC(=O)CCCNC(=O)[C@]12CCC(C)(C)C[C@H]1C1=CC[C@@H]3[C@@]4(C)CC[C@H](OC(=O)c5ccccc5C(=O)O)C(C)(C)[C@@H]4CC[C@@]3(C)[C@]1(C)CC2)C(=O)O,1600.0,intermediate
CHEMBL4445601,C[C@H](NC(=O)CCCNC(=O)[C@]12CCC(C)(C)C[C@H]1C1=CC[C@@H]3[C@@]4(C)CC[C@H](OC(=O)CCCC(=O)O)C(C)(C)[C@@H]4CC[C@@]3(C)[C@]1(C)CC2)C(=O)O,6600.0,intermediate
CHEMBL4465430,CC(=O)O[C@H]1CC[C@]2(C)[C@H]3CC=C4[C@@H]5CC(C)(C)CC[C@]5(C(=O)NCCCCCC(=O)N[C@@H](C)C(=O)O)CC[C@@]4(C)[C@]3(C)CC[C@H]2C1(C)C,47100.0,inactive
CHEMBL4457594,CCC(=O)O[C@H]1CC[C@]2(C)[C@H]3CC=C4[C@@H]5CC(C)(C)CC[C@]5(C(=O)NCCCCCC(=O)N[C@@H](C)C(=O)O)CC[C@@]4(C)[C@]3(C)CC[C@H]2C1(C)C,31000.0,inactive
CHEMBL4570395,CCCC(=O)O[C@H]1CC[C@]2(C)[C@H]3CC=C4[C@@H]5CC(C)(C)CC[C@]5(C(=O)NCCCCCC(=O)N[C@@H](C)C(=O)O)CC[C@@]4(C)[C@]3(C)CC[C@H]2C1(C)C,40000.0,inactive
CHEMBL4439699,C[C@H](NC(=O)CCCCCNC(=O)[C@]12CCC(C)(C)C[C@H]1C1=CC[C@@H]3[C@@]4(C)CC[C@H](OC(=O)c5ccccc5C(=O)O)C(C)(C)[C@@H]4CC[C@@]3(C)[C@]1(C)CC2)C(=O)O,3200.0,intermediate
CHEMBL4468681,C[C@H](NC(=O)CCCCCNC(=O)[C@]12CCC(C)(C)C[C@H]1C1=CC[C@@H]3[C@@]4(C)CC[C@H](OC(=O)CCC(=O)O)C(C)(C)[C@@H]4CC[C@@]3(C)[C@]1(C)CC2)C(=O)O,40200.0,inactive
CHEMBL4469936,C[C@H](NC(=O)CCCCCNC(=O)[C@]12CCC(C)(C)C[C@H]1C1=CC[C@@H]3[C@@]4(C)CC[C@H](OC(=O)CCCC(=O)O)C(C)(C)[C@@H]4CC[C@@]3(C)[C@]1(C)CC2)C(=O)O,38800.0,inactive
CHEMBL4434969,C[C@H](NC(=O)CCCCCNC(=O)[C@]12CCC(C)(C)C[C@H]1C1=CC[C@@H]3[C@@]4(C)CC[C@H](OC(=O)CC(C)(C)CC(=O)O)C(C)(C)[C@@H]4CC[C@@]3(C)[C@]1(C)CC2)C(=O)O,24100.0,inactive
CHEMBL4442340,C[C@H](NC(=O)CCCCCCCCCCNC(=O)[C@]12CCC(C)(C)C[C@H]1C1=CC[C@@H]3[C@@]4(C)CC[C@H](OC(=O)c5ccccc5C(=O)O)C(C)(C)[C@@H]4CC[C@@]3(C)[C@]1(C)CC2)C(=O)O,1000.0,active
CHEMBL4449440,CC(C)[C@H](NC(=O)CCCNC(=O)[C@]12CCC(C)(C)C[C@H]1C1=CC[C@@H]3[C@@]4(C)CC[C@H](OC(=O)c5ccccc5C(=O)O)C(C)(C)[C@@H]4CC[C@@]3(C)[C@]1(C)CC2)C(=O)O,4600.0,intermediate
CHEMBL4445157,CC(C)[C@H](NC(=O)CCCNC(=O)[C@]12CCC(C)(C)C[C@H]1C1=CC[C@@H]3[C@@]4(C)CC[C@H](OC(=O)CCC(=O)O)C(C)(C)[C@@H]4CC[C@@]3(C)[C@]1(C)CC2)C(=O)O,41500.0,inactive
CHEMBL4457431,CC(C)[C@H](NC(=O)CCCNC(=O)[C@]12CCC(C)(C)C[C@H]1C1=CC[C@@H]3[C@@]4(C)CC[C@H](OC(=O)CCCC(=O)O)C(C)(C)[C@@H]4CC[C@@]3(C)[C@]1(C)CC2)C(=O)O,19800.0,inactive
CHEMBL4471963,CC(C)[C@H](NC(=O)CCCNC(=O)[C@]12CCC(C)(C)C[C@H]1C1=CC[C@@H]3[C@@]4(C)CC[C@H](OC(=O)CC(C)(C)CC(=O)O)C(C)(C)[C@@H]4CC[C@@]3(C)[C@]1(C)CC2)C(=O)O,46300.0,inactive
CHEMBL4539603,CC(C)[C@H](NC(=O)CCCCCCCCCCNC(=O)[C@]12CCC(C)(C)C[C@H]1C1=CC[C@@H]3[C@@]4(C)CC[C@H](OC(=O)c5ccccc5C(=O)O)C(C)(C)[C@@H]4CC[C@@]3(C)[C@]1(C)CC2)C(=O)O,1200.0,intermediate
CHEMBL4446985,CC(=O)O[C@H]1CC[C@]2(C)[C@H]3CC=C4[C@@H]5CC(C)(C)CC[C@]5(C(=O)NCCCCCC(=O)N[C@H](C(=O)O)C(C)C)CC[C@@]4(C)[C@]3(C)CC[C@H]2C1(C)C,30300.0,inactive
CHEMBL4456124,CC(C)[C@H](NC(=O)CCCCCNC(=O)[C@]12CCC(C)(C)C[C@H]1C1=CC[C@@H]3[C@@]4(C)CC[C@H](OC(=O)c5ccccc5C(=O)O)C(C)(C)[C@@H]4CC[C@@]3(C)[C@]1(C)CC2)C(=O)O,590.0,active
CHEMBL4544704,CC(C)[C@H](NC(=O)CCCCCNC(=O)[C@]12CCC(C)(C)C[C@H]1C1=CC[C@@H]3[C@@]4(C)CC[C@H](OC(=O)CCC(=O)O)C(C)(C)[C@@H]4CC[C@@]3(C)[C@]1(C)CC2)C(=O)O,9600.0,intermediate
CHEMBL4455173,CC(C)[C@H](NC(=O)CCCCCNC(=O)[C@]12CCC(C)(C)C[C@H]1C1=CC[C@@H]3[C@@]4(C)CC[C@H](OC(=O)CCCC(=O)O)C(C)(C)[C@@H]4CC[C@@]3(C)[C@]1(C)CC2)C(=O)O,17900.0,inactive
CHEMBL4556934,CC(C)[C@H](NC(=O)CCCCCNC(=O)[C@]12CCC(C)(C)C[C@H]1C1=CC[C@@H]3[C@@]4(C)CC[C@H](OC(=O)CC(C)(C)CC(=O)O)C(C)(C)[C@@H]4CC[C@@]3(C)[C@]1(C)CC2)C(=O)O,23200.0,inactive
CHEMBL301728,CC(=O)N[C@H](C(=O)N[C@H](C(=O)N[C@@H](CC(C)C)[C@@H](O)CC(=O)N[C@@H](C)C(=O)N[C@@H](CC(C)C)[C@@H](O)CC(=O)O)C(C)C)C(C)C,240.0,active
CHEMBL4547058,CC(C)CN(C[C@@H](O)[C@H](Cc1ccccc1)NC(=O)Cn1cnc2c(O)nc(N)nc21)S(=O)(=O)c1ccc(N)cc1,4730.0,intermediate
CHEMBL4514317,CC(C)CN(C[C@@H](O)[C@H](Cc1ccccc1)NC(=O)Cn1cnc2c(O)nc(N)nc21)S(=O)(=O)c1ccc([N+](=O)[O-])cc1,790.0,active
CHEMBL4545918,COc1ccc(S(=O)(=O)N(CC(C)C)C[C@@H](O)[C@H](Cc2ccccc2)NC(=O)Cn2cnc3c(O)nc(N)nc32)cc1,80.0,active
CHEMBL4462215,CC(C)CN(C[C@@H](O)[C@H](Cc1ccccc1)NC(=O)Cn1cnc2c(O)ncnc21)S(=O)(=O)c1ccc(N)cc1,1810.0,intermediate
CHEMBL4470935,CC(C)CN(C[C@@H](O)[C@H](Cc1ccccc1)NC(=O)Cn1cnc2c(O)ncnc21)S(=O)(=O)c1ccc([N+](=O)[O-])cc1,2430.0,intermediate
CHEMBL4574760,COc1ccc(S(=O)(=O)N(CC(C)C)C[C@@H](O)[C@H](Cc2ccccc2)NC(=O)Cn2cnc3c(O)ncnc32)cc1,68.0,active
CHEMBL4588514,COc1nc(N)nc2c1ncn2CC(=O)N[C@@H](Cc1ccccc1)[C@H](O)CN(CC(C)C)S(=O)(=O)c1ccc(N)cc1,190.0,active
CHEMBL4466151,COc1nc(N)nc2c1ncn2CC(=O)N[C@@H](Cc1ccccc1)[C@H](O)CN(CC(C)C)S(=O)(=O)c1ccc([N+](=O)[O-])cc1,1730.0,intermediate
CHEMBL4538819,COc1ccc(S(=O)(=O)N(CC(C)C)C[C@@H](O)[C@H](Cc2ccccc2)NC(=O)Cn2cnc3c(OC)nc(N)nc32)cc1,460.0,active
CHEMBL4536902,COc1ncnc2c1ncn2CC(=O)N[C@@H](Cc1ccccc1)[C@H](O)CN(CC(C)C)S(=O)(=O)c1ccc(N)cc1,1510.0,intermediate
CHEMBL4452058,COc1ncnc2c1ncn2CC(=O)N[C@@H](Cc1ccccc1)[C@H](O)CN(CC(C)C)S(=O)(=O)c1ccc([N+](=O)[O-])cc1,2600.0,intermediate
CHEMBL4527349,COc1ccc(S(=O)(=O)N(CC(C)C)C[C@@H](O)[C@H](Cc2ccccc2)NC(=O)Cn2cnc3c(OC)ncnc32)cc1,180.0,active
CHEMBL4449917,Cc1nc2cncnc2n1CC(=O)N[C@@H](Cc1ccccc1)[C@H](O)CN(CC(C)C)S(=O)(=O)c1ccc(N)cc1,640.0,active
CHEMBL4475047,Cc1nc2cncnc2n1CC(=O)N[C@@H](Cc1ccccc1)[C@H](O)CN(CC(C)C)S(=O)(=O)c1ccc([N+](=O)[O-])cc1,570.0,active
CHEMBL4522803,COc1ccc(S(=O)(=O)N(CC(C)C)C[C@@H](O)[C@H](Cc2ccccc2)NC(=O)Cn2c(C)nc3cncnc32)cc1,150.0,active
CHEMBL4467834,Cc1ncnc2c1ncn2CC(=O)N[C@@H](Cc1ccccc1)[C@H](O)CN(CC(C)C)S(=O)(=O)c1ccc(N)cc1,3760.0,intermediate
CHEMBL4554549,Cc1ncnc2c1ncn2CC(=O)N[C@@H](Cc1ccccc1)[C@H](O)CN(CC(C)C)S(=O)(=O)c1ccc([N+](=O)[O-])cc1,2530.0,intermediate
CHEMBL4550588,COc1ccc(S(=O)(=O)N(CC(C)C)C[C@@H](O)[C@H](Cc2ccccc2)NC(=O)Cn2cnc3c(C)ncnc32)cc1,42.0,active
CHEMBL4468480,CC(C)CN(C[C@@H](O)[C@H](Cc1ccccc1)NC(=O)Cn1cnc2cnc(N)nc21)S(=O)(=O)c1ccc(N)cc1,6790.0,intermediate
CHEMBL4444298,CC(C)CN(C[C@@H](O)[C@H](Cc1ccccc1)NC(=O)Cn1cnc2cnc(N)nc21)S(=O)(=O)c1ccc([N+](=O)[O-])cc1,3680.0,intermediate
CHEMBL4587376,COc1ccc(S(=O)(=O)N(CC(C)C)C[C@@H](O)[C@H](Cc2ccccc2)NC(=O)Cn2cnc3cnc(N)nc32)cc1,360.0,active
CHEMBL4591870,CC(C)CN(C[C@@H](O)[C@H](Cc1ccccc1)NC(=O)Cn1cnc2c(N)ncnc21)S(=O)(=O)c1ccc(N)cc1,1240.0,intermediate
CHEMBL4441853,CC(C)CN(C[C@@H](O)[C@H](Cc1ccccc1)NC(=O)Cn1cnc2c(N)ncnc21)S(=O)(=O)c1ccc([N+](=O)[O-])cc1,3580.0,intermediate
CHEMBL4458805,COc1ccc(S(=O)(=O)N(CC(C)C)C[C@@H](O)[C@H](Cc2ccccc2)NC(=O)Cn2cnc3c(N)ncnc32)cc1,1980.0,intermediate
CHEMBL4448205,CC(C)CN(C[C@@H](O)[C@H](Cc1ccccc1)NC(=O)Cn1cnc2cncnc21)S(=O)(=O)c1ccc(N)cc1,570.0,active
CHEMBL4587353,CC(C)CN(C[C@@H](O)[C@H](Cc1ccccc1)NC(=O)Cn1cnc2cncnc21)S(=O)(=O)c1ccc([N+](=O)[O-])cc1,2580.0,intermediate
CHEMBL4525077,COc1ccc(S(=O)(=O)N(CC(C)C)C[C@@H](O)[C@H](Cc2ccccc2)NC(=O)Cn2cnc3cncnc32)cc1,240.0,active
CHEMBL4447947,CC(C)CN(C[C@@H](O)[C@H](Cc1ccccc1)NC(=O)Cn1cnc2c(Cl)nc(N)nc21)S(=O)(=O)c1ccc(N)cc1,11700.0,inactive
CHEMBL4462635,CC(C)CN(C[C@@H](O)[C@H](Cc1ccccc1)NC(=O)Cn1cnc2c(Cl)nc(N)nc21)S(=O)(=O)c1ccc([N+](=O)[O-])cc1,960.0,active
CHEMBL4593844,COc1ccc(S(=O)(=O)N(CC(C)C)C[C@@H](O)[C@H](Cc2ccccc2)NC(=O)Cn2cnc3c(Cl)nc(N)nc32)cc1,570.0,active
CHEMBL4459466,CC(C)CN(C[C@@H](O)[C@H](Cc1ccccc1)NC(=O)Cn1cnc2c(Cl)ncnc21)S(=O)(=O)c1ccc(N)cc1,7020.0,intermediate
CHEMBL4530761,CC(C)CN(C[C@@H](O)[C@H](Cc1ccccc1)NC(=O)Cn1cnc2c(Cl)ncnc21)S(=O)(=O)c1ccc([N+](=O)[O-])cc1,310.0,active
CHEMBL4590327,COc1ccc(S(=O)(=O)N(CC(C)C)C[C@@H](O)[C@H](Cc2ccccc2)NC(=O)Cn2cnc3c(Cl)ncnc32)cc1,43.0,active
CHEMBL4451344,COc1ccc(S(=O)(=O)N(CC(C)C)C[C@@H](O)[C@H](Cc2ccccc2)NC(=O)[C@]23CC[C@@H](C)[C@H](C)[C@H]2C2=CC[C@@H]4[C@@]5(C)CC[C@H](O)C(C)(C)[C@@H]5CC[C@@]4(C)[C@]2(C)CC3)cc1,460.0,active
CHEMBL4555048,CC(C)CN(C[C@@H](O)[C@H](Cc1ccccc1)NC(=O)[C@]12CC[C@@H](C)[C@H](C)[C@H]1C1=CC[C@@H]3[C@@]4(C)CC[C@H](O)C(C)(C)[C@@H]4CC[C@@]3(C)[C@]1(C)CC2)S(=O)(=O)c1ccc([N+](=O)[O-])cc1,400.0,active
CHEMBL4448278,CC(C)CN(C[C@@H](O)[C@H](Cc1ccccc1)NC(=O)[C@]12CC[C@@H](C)[C@H](C)[C@H]1C1=CC[C@@H]3[C@@]4(C)CC[C@H](O)C(C)(C)[C@@H]4CC[C@@]3(C)[C@]1(C)CC2)S(=O)(=O)c1ccc(N)cc1,120.0,active
CHEMBL4452115,COc1ccc(S(=O)(=O)N(CC(C)C)C[C@@H](O)[C@H](Cc2ccccc2)NC(=O)[C@]23CCC(C)(C)C[C@H]2C2=CC[C@@H]4[C@@]5(C)CC[C@H](O)C(C)(C)[C@@H]5CC[C@@]4(C)[C@]2(C)CC3)cc1,240.0,active
CHEMBL4444407,CC(C)CN(C[C@@H](O)[C@H](Cc1ccccc1)NC(=O)[C@]12CCC(C)(C)C[C@H]1C1=CC[C@@H]3[C@@]4(C)CC[C@H](O)C(C)(C)[C@@H]4CC[C@@]3(C)[C@]1(C)CC2)S(=O)(=O)c1ccc([N+](=O)[O-])cc1,150.0,active
CHEMBL4444031,CC(C)CN(C[C@@H](O)[C@H](Cc1ccccc1)NC(=O)[C@]12CCC(C)(C)C[C@H]1C1=CC[C@@H]3[C@@]4(C)CC[C@H](O)C(C)(C)[C@@H]4CC[C@@]3(C)[C@]1(C)CC2)S(=O)(=O)c1ccc(N)cc1,170.0,active
CHEMBL4530869,COc1ccc(S(=O)(=O)N(CC(C)C)C[C@@H](O)[C@H](Cc2ccccc2)NC(=O)[C@]23CC[C@@H](C)[C@H](C)[C@H]2C2=CC[C@@H]4[C@@]5(C)C[C@@H](O)[C@H](O)[C@@](C)(CO)[C@@H]5CC[C@@]4(C)[C@]2(C)CC3)cc1,150.0,active
CHEMBL4443902,CC(C)CN(C[C@@H](O)[C@H](Cc1ccccc1)NC(=O)[C@]12CC[C@@H](C)[C@H](C)[C@H]1C1=CC[C@@H]3[C@@]4(C)C[C@@H](O)[C@H](O)[C@@](C)(CO)[C@@H]4CC[C@@]3(C)[C@]1(C)CC2)S(=O)(=O)c1ccc([N+](=O)[O-])cc1,170.0,active
CHEMBL4541253,CC(C)CN(C[C@@H](O)[C@H](Cc1ccccc1)NC(=O)[C@]12CC[C@@H](C)[C@H](C)[C@H]1C1=CC[C@@H]3[C@@]4(C)C[C@@H](O)[C@H](O)[C@@](C)(CO)[C@@H]4CC[C@@]3(C)[C@]1(C)CC2)S(=O)(=O)c1ccc(N)cc1,300.0,active
CHEMBL4566224,COc1ccc(S(=O)(=O)N(CC(C)C)C[C@@H](O)[C@H](Cc2ccccc2)NC(=O)[C@]23CC[C@@H](C)[C@H](C)[C@H]2C2=CC[C@@H]4[C@@]5(C)CCC(=O)C(C)(C)[C@@H]5CC[C@@]4(C)[C@]2(C)CC3)cc1,370.0,active
CHEMBL4447543,CC(C)CN(C[C@@H](O)[C@H](Cc1ccccc1)NC(=O)[C@]12CC[C@@H](C)[C@H](C)[C@H]1C1=CC[C@@H]3[C@@]4(C)CCC(=O)C(C)(C)[C@@H]4CC[C@@]3(C)[C@]1(C)CC2)S(=O)(=O)c1ccc([N+](=O)[O-])cc1,220.0,active
CHEMBL4459161,CC(C)CN(C[C@@H](O)[C@H](Cc1ccccc1)NC(=O)[C@]12CC[C@@H](C)[C@H](C)[C@H]1C1=CC[C@@H]3[C@@]4(C)CCC(=O)C(C)(C)[C@@H]4CC[C@@]3(C)[C@]1(C)CC2)S(=O)(=O)c1ccc(N)cc1,2370.0,intermediate
CHEMBL4561381,C=C(C)[C@@H]1CC[C@]2(C(=O)N[C@@H](Cc3ccccc3)[C@H](O)CN(CC(C)C)S(=O)(=O)c3ccc(OC)cc3)CC[C@]3(C)[C@H](CC[C@@H]4[C@@]5(C)CC[C@H](O)C(C)(C)[C@@H]5CC[C@]43C)[C@@H]12,210.0,active
CHEMBL4473528,C=C(C)[C@@H]1CC[C@]2(C(=O)N[C@@H](Cc3ccccc3)[C@H](O)CN(CC(C)C)S(=O)(=O)c3ccc([N+](=O)[O-])cc3)CC[C@]3(C)[C@H](CC[C@@H]4[C@@]5(C)CC[C@H](O)C(C)(C)[C@@H]5CC[C@]43C)[C@@H]12,1050.0,intermediate
CHEMBL4453560,C=C(C)[C@@H]1CC[C@]2(C(=O)N[C@@H](Cc3ccccc3)[C@H](O)CN(CC(C)C)S(=O)(=O)c3ccc(N)cc3)CC[C@]3(C)[C@H](CC[C@@H]4[C@@]5(C)CC[C@H](O)C(C)(C)[C@@H]5CC[C@]43C)[C@@H]12,610.0,active
CHEMBL4454556,COc1ccc(S(=O)(=O)N(CC(C)C)C[C@@H](O)[C@H](Cc2ccccc2)NC(=O)[C@]2(C)CC[C@@H]3C4=CC(=O)[C@@H]5[C@@]6(C)CC[C@H](O)C(C)(C)[C@@H]6CC[C@@]5(C)[C@]4(C)CC[C@@]3(C)C2)cc1,1850.0,intermediate
CHEMBL4455767,CC(C)CN(C[C@@H](O)[C@H](Cc1ccccc1)NC(=O)[C@]1(C)CC[C@@H]2C3=CC(=O)[C@@H]4[C@@]5(C)CC[C@H](O)C(C)(C)[C@@H]5CC[C@@]4(C)[C@]3(C)CC[C@@]2(C)C1)S(=O)(=O)c1ccc([N+](=O)[O-])cc1,1080.0,intermediate
CHEMBL4556761,CC(C)CN(C[C@@H](O)[C@H](Cc1ccccc1)NC(=O)[C@]1(C)CC[C@@H]2C3=CC(=O)[C@@H]4[C@@]5(C)CC[C@H](O)C(C)(C)[C@@H]5CC[C@@]4(C)[C@]3(C)CC[C@@]2(C)C1)S(=O)(=O)c1ccc(N)cc1,490.0,active
CHEMBL4549913,COc1ccc(S(=O)(=O)N(CC(C)C)C[C@@H](O)[C@H](Cc2ccccc2)NC(=O)[C@]2(C)CC[C@H]3C4=CC(=O)[C@@H]5[C@@]6(C)CC[C@H](O)C(C)(C)[C@@H]6CC[C@@]5(C)[C@]4(C)CC[C@@]3(C)C2)cc1,480.0,active
CHEMBL4579986,CC(C)CN(C[C@@H](O)[C@H](Cc1ccccc1)NC(=O)[C@]1(C)CC[C@H]2C3=CC(=O)[C@@H]4[C@@]5(C)CC[C@H](O)C(C)(C)[C@@H]5CC[C@@]4(C)[C@]3(C)CC[C@@]2(C)C1)S(=O)(=O)c1ccc([N+](=O)[O-])cc1,500.0,active
CHEMBL4443043,CC(C)CN(C[C@@H](O)[C@H](Cc1ccccc1)NC(=O)[C@]1(C)CC[C@H]2C3=CC(=O)[C@@H]4[C@@]5(C)CC[C@H](O)C(C)(C)[C@@H]5CC[C@@]4(C)[C@]3(C)CC[C@@]2(C)C1)S(=O)(=O)c1ccc(N)cc1,580.0,active
CHEMBL4300203,COC(=O)N[C@H](C(=O)N[C@@H](Cc1ccccc1)[C@H](CN(Cc1ccc(-c2ccccn2)cc1)NC(=O)[C@@H](NC(=O)OC)C(C)(C)C)OC(=O)[C@@H](N)C(C)C)C(C)(C)C,4.0,active
CHEMBL4522729,COC(=O)N[C@H](C(=O)N[C@@H](Cc1ccccc1)[C@H](CN(Cc1ccc(-c2ccccn2)cc1)NC(=O)[C@@H](NC(=O)OC)C(C)(C)C)OC(=O)[C@H](N)C(C)C)C(C)(C)C,4.0,active
CHEMBL4437104,COC(=O)N[C@H](C(=O)N[C@@H](Cc1ccccc1)[C@H](CN(Cc1ccc(-c2ccccn2)cc1)NC(=O)[C@@H](NC(=O)OC)C(C)(C)C)OC(=O)[C@@H](NC(=O)[C@@H](N)C(C)C)C(C)C)C(C)(C)C,4.0,active
CHEMBL4474072,COC(=O)N[C@H](C(=O)N[C@@H](Cc1ccccc1)[C@H](CN(Cc1ccc(-c2ccccn2)cc1)NC(=O)[C@@H](NC(=O)OC)C(C)(C)C)OC(=O)[C@H](NC(=O)[C@H](N)C(C)C)C(C)C)C(C)(C)C,4.0,active
CHEMBL4460401,COC(=O)N[C@H](C(=O)N[C@@H](Cc1ccccc1)[C@H](CN(Cc1ccc(-c2ccccn2)cc1)NC(=O)[C@@H](NC(=O)OC)C(C)(C)C)OC(=O)[C@@H](NC(=O)[C@H](N)C(C)C)C(C)C)C(C)(C)C,4.0,active
CHEMBL4554438,COC(=O)N[C@H](C(=O)N[C@@H](Cc1ccccc1)[C@H](CN(Cc1ccc(-c2ccccn2)cc1)NC(=O)[C@@H](NC(=O)OC)C(C)(C)C)OC(=O)[C@H](NC(=O)[C@@H](N)C(C)C)C(C)C)C(C)(C)C,4.0,active
CHEMBL4447493,COC(=O)N[C@H](C(=O)N[C@@H](Cc1ccccc1)[C@H](CN(Cc1ccc(-c2ccccn2)cc1)NC(=O)[C@@H](NC(=O)OC)C(C)(C)C)OC(=O)CN)C(C)(C)C,4.0,active
CHEMBL4463796,COC(=O)N[C@H](C(=O)N[C@@H](Cc1ccccc1)[C@H](CN(Cc1ccc(-c2ccccn2)cc1)NC(=O)[C@@H](NC(=O)OC)C(C)(C)C)OC(=O)CN(C)C)C(C)(C)C,4.0,active
CHEMBL4525849,COC(=O)N[C@H](C(=O)N[C@@H](Cc1ccccc1)[C@H](CN(Cc1ccc(-c2ccccn2)cc1)NC(=O)[C@@H](NC(=O)OC)C(C)(C)C)OC(=O)[C@H](C)N)C(C)(C)C,4.0,active
CHEMBL4542773,COC(=O)N[C@H](C(=O)N[C@@H](Cc1ccccc1)[C@H](CN(Cc1ccc(-c2ccccn2)cc1)NC(=O)[C@@H](NC(=O)OC)C(C)(C)C)OC(=O)[C@@H](C)N)C(C)(C)C,4.0,active
CHEMBL4573907,COC(=O)N[C@H](C(=O)N[C@@H](Cc1ccccc1)[C@H](CN(Cc1ccc(-c2ccccn2)cc1)NC(=O)[C@@H](NC(=O)OC)C(C)(C)C)OC(=O)[C@@H](N)Cc1ccccc1)C(C)(C)C,4.0,active
CHEMBL4574382,COC(=O)N[C@H](C(=O)N[C@@H](Cc1ccccc1)[C@H](CN(Cc1ccc(-c2ccccn2)cc1)NC(=O)[C@@H](NC(=O)OC)C(C)(C)C)OC(=O)[C@H](N)Cc1ccccc1)C(C)(C)C,4.0,active
CHEMBL322241,CC(C)CN(C[C@@H](O)[C@H](Cc1ccccc1)NC(=O)[C@H](CC(N)=O)NC(=O)c1ccc2ccccc2n1)C(=O)NC(C)(C)C,6.3,active
